Date ,series ,OPEN ,HIGH ,LOW ,PREV. CLOSE ,ltp ,close ,vwap ,52W H ,52W L ,VOLUME ,VALUE ,No of trades ,Symbol
19-Jun-23,EQ,694.95,696,681.5,690.85,685.65,685.6,685.52,807,607.5,"15,10,117","1,03,52,10,108.25","38,501",UPL
16-Jun-23,EQ,681.3,695.8,681.1,680.8,692,690.85,691.03,807,607.5,"33,97,721","2,34,79,19,793.30","48,749",UPL
15-Jun-23,EQ,682.75,688,676.65,682.75,680.3,680.8,680.75,807,607.5,"18,90,165","1,28,67,31,359.90","44,817",UPL
14-Jun-23,EQ,682,689.45,678.65,682.25,682.95,682.75,683.19,807,607.5,"40,09,140","2,73,90,15,463.90","60,273",UPL
13-Jun-23,EQ,676.1,684,676.1,678.95,683,682.25,681.52,807,607.5,"21,75,343","1,48,25,40,074.40","39,504",UPL
12-Jun-23,EQ,680.25,682.55,674.2,680.25,679.8,678.95,678.8,807,607.5,"20,17,017","1,36,91,51,642.40","51,513",UPL
9-Jun-23,EQ,692,692.4,677.8,690.05,679,680.25,685.94,807,607.5,"14,11,515","96,82,19,830.65","47,369",UPL
8-Jun-23,EQ,695,698.9,689.05,693.95,690.2,690.05,693.38,807,607.5,"13,12,986","91,03,94,847.55","26,462",UPL
7-Jun-23,EQ,697,697.75,692.8,694,695,693.95,695.05,807,607.5,"11,47,072","79,72,66,715.80","27,779",UPL
6-Jun-23,EQ,691,696.95,690.4,690,694.05,694,694.24,807,607.5,"16,18,425","1,12,35,76,688.00","42,329",UPL
5-Jun-23,EQ,689,691.5,684.65,683.35,690,690,688.67,807,607.5,"12,27,013","84,50,07,504.30","23,808",UPL
2-Jun-23,EQ,679,684.5,678.9,677.95,683.8,683.35,682.38,807,607.5,"11,68,519","79,73,79,188.85","30,594",UPL
1-Jun-23,EQ,685,685.1,676.5,685.1,678.4,677.95,679.19,807,607.5,"24,70,088","1,67,76,52,206.25","52,454",UPL
31-May-23,EQ,684.25,691.05,682,689.05,683,685.1,686.15,807,607.5,"33,70,272","2,31,25,26,330.35","45,835",UPL
30-May-23,EQ,691,694,684.1,690,689,689.05,687.9,807,607.5,"9,00,153","61,92,18,013.60","26,814",UPL
29-May-23,EQ,690,691.5,686.25,688.1,690.1,690,689.56,807,607.5,"11,16,759","77,00,69,506.70","25,355",UPL
26-May-23,EQ,676,688.95,676,675.8,687.2,688.1,684.43,815.35,607.5,"21,31,442","1,45,88,20,674.50","48,716",UPL
25-May-23,EQ,682.5,685.45,674.15,682.25,676.45,675.8,677.6,815.35,607.5,"22,10,598","1,49,78,92,217.40","34,438",UPL
24-May-23,EQ,680.65,684.8,674,680.65,682.3,682.25,681.72,815.35,607.5,"19,20,527","1,30,92,65,468.45","29,981",UPL
23-May-23,EQ,670.45,681.75,670.45,670.4,680.7,680.65,678.03,815.35,607.5,"20,87,867","1,41,56,28,048.00","36,177",UPL
22-May-23,EQ,668,672.05,661.95,668,671.2,670.4,666.27,815.35,607.5,"21,16,815","1,41,03,71,700.85","36,171",UPL
19-May-23,EQ,674,676,657.05,673.35,667.9,668,664.76,828,607.5,"46,32,213","3,07,93,30,555.15","88,570",UPL
18-May-23,EQ,679,681.8,672.15,677.8,673,673.35,675.73,828,607.5,"14,08,554","95,18,07,549.80","31,296",UPL
17-May-23,EQ,673.25,683.45,672.15,672.85,679,677.8,677.14,828,607.5,"25,27,136","1,71,12,12,833.30","56,772",UPL
16-May-23,EQ,677,677.85,671,675.95,674,672.85,673.66,828,607.5,"18,66,298","1,25,72,52,549.30","42,526",UPL
15-May-23,EQ,679.4,680.95,675,678.2,676.7,675.95,677.84,828,607.5,"24,32,818","1,64,90,55,724.10","45,096",UPL
12-May-23,EQ,685.05,685.8,673,682.9,678.25,678.2,677.25,828,607.5,"18,05,619","1,22,28,62,204.40","56,996",UPL
11-May-23,EQ,682.2,687.45,680.35,679.7,684.6,682.9,684.18,828,607.5,"22,28,828","1,52,49,24,279.25","70,351",UPL
10-May-23,EQ,695.8,695.8,677.3,694.4,680.5,679.7,682.06,828,607.5,"58,03,203","3,95,81,42,157.00","1,19,722",UPL
9-May-23,EQ,710,710,692.65,715.4,693.75,694.4,698.33,828,607.5,"80,30,712","5,60,80,51,108.20","1,52,020",UPL
8-May-23,EQ,718.7,725,700.45,714.85,718.35,715.4,715.29,828,607.5,"62,01,290","4,43,57,37,845.50","99,513",UPL
5-May-23,EQ,735.1,735.1,709.65,731.5,717,714.85,720.15,848,607.5,"39,30,399","2,83,04,79,979.90","57,503",UPL
4-May-23,EQ,740.25,742.75,728.15,739.8,731.65,731.5,734.24,848,607.5,"16,55,943","1,21,58,61,761.95","34,087",UPL
3-May-23,EQ,751.5,755.8,738.55,752.5,739.5,739.8,744.05,848,607.5,"10,31,469","76,74,63,033.95","27,944",UPL
2-May-23,EQ,744.3,759.95,743.55,740.3,752,752.5,753.71,848,607.5,"22,25,369","1,67,72,88,491.45","44,926",UPL
28-Apr-23,EQ,733,741.9,730.8,727.2,739.2,740.3,736.45,848,607.5,"23,74,556","1,74,87,36,761.30","50,315",UPL
27-Apr-23,EQ,716.3,730.75,716.3,715.35,728.1,727.2,725.51,848,607.5,"24,70,510","1,79,23,75,909.55","53,958",UPL
26-Apr-23,EQ,714.7,716.8,707.5,714.65,715.5,715.35,712.23,848,607.5,"36,21,655","2,57,94,64,594.35","53,593",UPL
25-Apr-23,EQ,719.9,721.2,705.3,729.85,715.55,714.65,714.8,848,607.5,"34,07,713","2,43,58,33,067.85","77,754",UPL
24-Apr-23,EQ,735,739.2,723.25,734.7,729.7,729.85,728.47,848,607.5,"10,49,786","76,47,40,930.05","39,806",UPL
21-Apr-23,EQ,732.5,743.9,731,732.05,735,734.7,736.71,848,607.5,"18,29,162","1,34,75,64,434.45","47,665",UPL
20-Apr-23,EQ,738.4,739,730.65,735.95,730.65,732.05,734,848,607.5,"10,84,257","79,58,41,202.95","39,343",UPL
19-Apr-23,EQ,741.9,741.9,731.5,738.65,736.6,735.95,736.62,848,607.5,"10,12,743","74,60,08,737.35","42,883",UPL
18-Apr-23,EQ,737.15,743.1,735.25,737.15,740.25,738.65,739.21,848,607.5,"12,80,463","94,65,28,291.60","39,088",UPL
17-Apr-23,EQ,742.95,744.5,732,737,737.1,737.15,737.44,848,607.5,"10,43,080","76,92,11,125.10","51,033",UPL
13-Apr-23,EQ,739.9,744.1,734,739.9,740,737,737.19,848,607.5,"9,94,060","73,28,09,955.95","34,888",UPL
12-Apr-23,EQ,746,747.7,736,742.55,738.5,739.9,740.31,848,607.5,"13,47,769","99,77,60,375.00","48,482",UPL
11-Apr-23,EQ,742,744,737.7,737.75,740.55,742.55,740.99,848,607.5,"7,31,229","54,18,35,990.00","21,352",UPL
10-Apr-23,EQ,729.95,739,727.3,726.15,735.3,737.75,735.42,848,607.5,"8,83,124","64,94,64,370.45","35,207",UPL
6-Apr-23,EQ,734,734,723,732.3,726.6,726.15,727.69,848,607.5,"13,91,534","1,01,26,04,326.60","40,698",UPL
5-Apr-23,EQ,729.65,736.2,725.9,729.65,734.35,732.3,731.59,848,607.5,"15,00,202","1,09,75,26,227.80","31,321",UPL
3-Apr-23,EQ,718.5,731.25,717.8,717.65,729.6,729.65,726.07,848,607.5,"17,68,965","1,28,43,89,215.55","43,083",UPL
31-Mar-23,EQ,705,722.45,705,707.4,717.15,717.65,717.34,848,607.5,"13,83,231","99,22,42,203.30","49,237",UPL
29-Mar-23,EQ,714.6,718,698.4,714.65,709,707.4,706.58,848,607.5,"28,71,532","2,02,89,58,516.10","68,595",UPL
28-Mar-23,EQ,704.15,715.5,702.4,700.65,714.7,714.65,710.19,848,607.5,"26,18,934","1,85,99,51,636.35","50,266",UPL
27-Mar-23,EQ,698.45,708,693.2,696.9,700.4,700.65,700.9,848,607.5,"13,55,800","95,02,79,222.35","31,263",UPL
24-Mar-23,EQ,713.8,713.8,694.2,709.7,697,696.9,701.87,848,607.5,"9,82,591","68,96,50,218.10","31,269",UPL
23-Mar-23,EQ,717.75,718.2,708.1,716.15,709.65,709.7,712.24,848,607.5,"9,14,840","65,15,83,055.35","29,736",UPL
22-Mar-23,EQ,710,717.2,710,708.15,716,716.15,714.83,848,607.5,"5,69,287","40,69,44,469.05","21,737",UPL
21-Mar-23,EQ,708.65,720,704.65,708.1,710,708.15,708.75,848,607.5,"8,38,991","59,46,34,142.00","24,344",UPL
20-Mar-23,EQ,714,714.7,700.25,715.65,708.55,708.1,705.71,848,607.5,"9,13,310","64,45,30,320.60","40,216",UPL
17-Mar-23,EQ,705.5,717.85,696.8,696.4,714,715.65,712.24,848,607.5,"25,68,540","1,82,94,11,078.40","34,046",UPL
16-Mar-23,EQ,705.85,705.85,692.05,702.45,699.25,696.4,697.38,848,607.5,"7,13,926","49,78,77,455.00","29,214",UPL
15-Mar-23,EQ,705.8,714.9,700.15,697.65,702.05,702.45,707.8,848,607.5,"12,48,597","88,37,53,590.55","41,813",UPL
14-Mar-23,EQ,708.25,709,687.6,704.7,700.45,697.65,696.35,848,607.5,"16,90,322","1,17,70,50,279.45","77,250",UPL
13-Mar-23,EQ,712,718.9,702.25,711.65,707,704.7,709.58,848,607.5,"11,73,419","83,26,37,739.25","45,068",UPL
10-Mar-23,EQ,710,714.9,705.05,712.1,713.1,711.65,710.35,848,607.5,"13,44,227","95,48,77,869.85","36,483",UPL
9-Mar-23,EQ,716.7,723.2,710.95,716.7,712.05,712.1,714.85,848,607.5,"12,12,451","86,67,22,611.55","30,895",UPL
8-Mar-23,EQ,702.05,717.65,702.05,711.05,716,716.7,712.55,848,607.5,"10,07,033","71,75,66,128.35","36,807",UPL
6-Mar-23,EQ,713.55,718.5,709,710,712.6,711.05,713.49,848,607.5,"10,66,876","76,12,02,515.85","31,883",UPL
3-Mar-23,EQ,709,714.85,704.85,705.9,709.6,710,709.8,848,607.5,"11,54,106","81,91,78,874.65","47,486",UPL
2-Mar-23,EQ,713.65,716,704.1,713.3,706,705.9,708.68,848,607.5,"9,93,892","70,43,51,068.65","36,056",UPL
1-Mar-23,EQ,699.2,714.45,694.55,694.2,713.55,713.3,706.22,848,607.5,"18,35,234","1,29,60,71,154.55","49,712",UPL
28-Feb-23,EQ,708,710.6,693.25,708.3,696.95,694.2,699,848,607.5,"26,76,043","1,87,05,61,599.65","57,186",UPL
27-Feb-23,EQ,736,738,704,738.3,708,708.3,713.55,848,607.5,"22,52,550","1,60,73,13,484.90","58,874",UPL
24-Feb-23,EQ,748.85,754.8,736,745.15,738.15,738.3,744.11,848,607.5,"21,00,294","1,56,28,48,825.45","40,690",UPL
23-Feb-23,EQ,743,756.65,740,739.3,747,745.15,748.22,848,607.5,"29,36,268","2,19,69,72,172.60","63,726",UPL
22-Feb-23,EQ,745.05,749.3,736.55,747.15,741.5,739.3,741.78,848,607.5,"19,50,321","1,44,67,16,529.90","37,077",UPL
21-Feb-23,EQ,761.75,764.1,744.3,757.95,749.7,747.15,752.96,848,607.5,"19,64,019","1,47,88,27,395.25","34,865",UPL
20-Feb-23,EQ,762,769.75,755,770.15,757.9,757.95,762.09,848,607.5,"11,49,759","87,62,18,856.05","25,554",UPL
17-Feb-23,EQ,763,780,763,770.35,772.45,770.15,772.47,848,607.5,"23,74,926","1,83,45,66,024.70","50,728",UPL
16-Feb-23,EQ,770,773.7,767,769.35,768.9,770.35,770.65,848,607.5,"15,75,168","1,21,39,02,172.80","47,982",UPL
15-Feb-23,EQ,760.95,770.4,759.2,761.6,769.15,769.35,765.62,848,607.5,"27,86,352","2,13,32,92,826.35","46,331",UPL
14-Feb-23,EQ,736.5,766.95,735.6,733.8,760.3,761.6,758.85,848,607.5,"73,26,901","5,56,00,52,496.70","1,30,979",UPL
13-Feb-23,EQ,730,736.4,725,726.9,732.8,733.8,731.76,848,607.5,"12,65,376","92,59,50,193.15","32,675",UPL
10-Feb-23,EQ,717.1,729.35,716.55,717.1,727.65,726.9,724.95,848,607.5,"12,82,246","92,95,64,282.05","35,566",UPL
9-Feb-23,EQ,721.05,722.75,714.05,722.65,717,717.1,717.64,848,607.5,"10,97,590","78,76,73,890.65","31,896",UPL
8-Feb-23,EQ,711,723.8,710,709.25,719.95,722.65,717.53,848,607.5,"10,50,880","75,40,41,283.20","30,031",UPL
7-Feb-23,EQ,715.4,716.95,701.15,714.55,709.2,709.25,708.55,848,607.5,"15,71,287","1,11,33,27,888.55","50,757",UPL
6-Feb-23,EQ,715.5,716.7,701.35,715.7,715,714.55,710.35,848,607.5,"13,66,976","97,10,27,466.95","36,507",UPL
3-Feb-23,EQ,701.1,718,697.5,696.4,713.75,715.7,708.67,848,607.5,"26,01,859","1,84,38,48,981.40","76,616",UPL
2-Feb-23,EQ,741,744.95,684.25,742.15,698.95,696.4,700.61,848,607.5,"76,98,238","5,39,34,95,041.80","1,90,697",UPL
1-Feb-23,EQ,765.1,771.6,730,757.2,740,742.15,750.44,848,607.5,"36,23,038","2,71,88,70,166.60","88,302",UPL
31-Jan-23,EQ,748,766.7,748,745.15,756.85,757.2,758.53,848,607.5,"36,29,320","2,75,29,55,725.55","93,008",UPL
30-Jan-23,EQ,748.75,750.55,737.6,744.7,747,745.15,744.03,848,607.5,"11,89,091","88,47,23,551.80","37,975",UPL
27-Jan-23,EQ,741.65,756.7,735.2,737.95,744.35,744.7,744.38,848,607.5,"49,03,817","3,65,02,96,084.05","61,272",UPL
25-Jan-23,EQ,744,746.75,735.25,745.95,737,737.95,739.23,848,607.5,"18,65,988","1,37,94,03,506.95","43,049",UPL
24-Jan-23,EQ,750,753.6,743,749.45,744.35,745.95,747.2,848,607.5,"11,32,275","84,60,36,795.15","29,527",UPL
23-Jan-23,EQ,742.95,753.45,738.2,737.8,750,749.45,748.85,848,607.5,"25,26,843","1,89,22,27,804.70","47,716",UPL
20-Jan-23,EQ,747.6,748.4,735.2,747.55,737.95,737.8,741.69,848,607.5,"9,79,497","72,64,85,933.50","36,277",UPL
19-Jan-23,EQ,732,748.85,730,732.35,748.15,747.55,744.25,848,607.5,"35,53,403","2,64,46,32,727.80","72,471",UPL
18-Jan-23,EQ,721.25,734,721.05,719.2,733,732.35,727.22,848,607.5,"14,30,862","1,04,05,52,001.85","50,941",UPL
17-Jan-23,EQ,715,723,713.6,714.05,720.6,719.2,718.38,848,607.5,"13,49,682","96,95,79,340.55","42,238",UPL
16-Jan-23,EQ,721.45,723,710.5,718.8,714,714.05,714.72,848,607.5,"10,79,570","77,15,85,531.80","29,336",UPL
13-Jan-23,EQ,721,723.6,714.4,717.8,717,718.8,718.34,848,607.5,"13,10,587","94,14,44,518.90","36,955",UPL
12-Jan-23,EQ,721.4,722.9,714.35,717.8,719,717.8,717.9,848,607.5,"12,72,850","91,37,84,406.35","43,359",UPL
11-Jan-23,EQ,726,727.7,715.4,724.65,717.75,717.8,719.6,848,607.5,"14,00,355","1,00,76,94,962.10","40,548",UPL
10-Jan-23,EQ,735.85,735.85,720,734.2,723.95,724.65,726.38,848,607.5,"14,84,340","1,07,81,90,729.75","31,738",UPL
9-Jan-23,EQ,724,736.15,722.6,718.15,733.7,734.2,728.69,848,607.5,"13,58,106","98,96,42,195.25","51,222",UPL
6-Jan-23,EQ,721.4,729.35,715.35,720.3,718.05,718.15,721,848,607.5,"12,09,522","87,20,64,141.95","35,192",UPL
5-Jan-23,EQ,719.25,724.7,713.4,715.65,720,720.3,719.05,848,607.5,"14,07,487","1,01,20,50,813.55","52,629",UPL
4-Jan-23,EQ,721.2,722.1,712,719.35,715.1,715.65,716.57,848,607.5,"13,54,737","97,07,66,528.75","42,034",UPL
3-Jan-23,EQ,722.5,727.25,717.2,722,719.8,719.35,721.06,848,607.5,"12,77,112","92,08,72,290.10","27,617",UPL
2-Jan-23,EQ,718.6,724,711.95,716.15,722.55,722,718.68,848,607.5,"12,59,229","90,49,78,831.70","27,951",UPL
30-Dec-22,EQ,726.2,732,713.4,722.55,717.2,716.15,721.44,848,607.5,"13,87,568","1,00,10,41,937.55","28,144",UPL
29-Dec-22,EQ,724.7,729.85,717,723.55,725,722.55,722.86,848,607.5,"18,98,772","1,37,25,48,736.45","37,515",UPL
28-Dec-22,EQ,716,731.9,714,716.35,724.9,723.55,723.98,848,607.5,"30,25,343","2,19,02,73,039.40","84,883",UPL
27-Dec-22,EQ,724.95,724.95,710,718.25,719.1,716.35,715.74,848,607.5,"16,93,081","1,21,18,01,044.35","41,791",UPL
26-Dec-22,EQ,712.45,725.35,707.5,711.2,718.5,718.25,718.61,848,607.5,"9,55,078","68,63,30,028.20","27,675",UPL
23-Dec-22,EQ,722.1,727.5,707.95,729.35,708.8,711.2,716.64,848,607.5,"11,75,968","84,27,49,801.45","52,894",UPL
22-Dec-22,EQ,755.25,761.45,727.45,754.9,728.5,729.35,735.42,848,607.5,"24,04,863","1,76,85,81,471.65","70,731",UPL
21-Dec-22,EQ,761.45,767.5,751.8,754.85,752.65,754.9,759.09,848,607.5,"22,20,101","1,68,52,62,133.20","53,201",UPL
20-Dec-22,EQ,769,771.55,749,770.15,754.9,754.85,754.95,848,607.5,"15,98,234","1,20,65,84,208.80","47,201",UPL
19-Dec-22,EQ,770.95,773.9,763.25,770.45,768.05,770.15,769.03,848,607.5,"8,84,769","68,04,11,680.20","36,629",UPL
16-Dec-22,EQ,766.2,774.15,759.05,770.75,772,770.45,769.38,848,607.5,"25,66,446","1,97,45,83,321.90","52,820",UPL
15-Dec-22,EQ,782,788.5,765.5,780.9,770.85,770.75,774.95,848,607.5,"16,92,394","1,31,15,16,405.80","45,227",UPL
14-Dec-22,EQ,768.5,782,762.6,767.4,782,780.9,775.54,848,607.5,"14,80,610","1,14,82,78,848.45","57,077",UPL
13-Dec-22,EQ,776,776,763.05,773.05,765,767.4,766.51,848,607.5,"15,21,073","1,16,59,10,917.50","44,071",UPL
12-Dec-22,EQ,762,775,756.6,763.7,774.5,773.05,768.55,848,607.5,"11,24,301","86,40,78,454.00","33,158",UPL
9-Dec-22,EQ,779.45,781.95,757.05,777.85,764,763.7,767.56,848,607.5,"16,36,084","1,25,57,87,407.00","62,008",UPL
8-Dec-22,EQ,782.05,782.9,773.3,778.15,777.9,777.85,777.14,848,607.5,"15,00,182","1,16,58,51,717.20","52,201",UPL
7-Dec-22,EQ,788,792.3,776.15,787.9,777.2,778.15,780.53,848,607.5,"9,70,940","75,78,47,392.95","26,307",UPL
6-Dec-22,EQ,801.9,802.8,782.3,802.8,788,787.9,790.57,848,607.5,"15,75,896","1,24,58,54,779.70","65,944",UPL
5-Dec-22,EQ,787.5,807,784.5,783.7,803.25,802.8,796.06,848,607.5,"41,14,694","3,27,55,33,663.75","91,267",UPL
2-Dec-22,EQ,780.1,785,768,778.85,784.15,783.7,775.69,848,607.5,"23,37,749","1,81,33,75,077.15","43,132",UPL
1-Dec-22,EQ,780,788.65,776.45,789.7,778.6,778.85,780.64,848,607.5,"15,17,442","1,18,45,72,547.80","40,311",UPL
30-Nov-22,EQ,777.9,793.55,774.35,774.85,789.8,789.7,784.55,848,607.5,"32,41,756","2,54,33,35,426.95","62,906",UPL
29-Nov-22,EQ,782,784.8,772.3,779.65,774,774.85,776.58,848,607.5,"12,66,481","98,35,26,784.10","38,111",UPL
28-Nov-22,EQ,777,784.95,775.45,777.15,778,779.65,780.41,848,607.5,"9,43,112","73,60,15,872.20","26,866",UPL
25-Nov-22,EQ,778.05,780.95,770.6,774.15,776.55,777.15,775.47,848,607.5,"8,67,124","67,24,26,666.50","22,694",UPL
24-Nov-22,EQ,772.35,779.95,767.8,768.5,774,774.15,773.22,848,607.5,"14,63,574","1,13,16,63,173.35","32,561",UPL
23-Nov-22,EQ,772.95,776.05,766.25,768.75,766.5,768.5,770.54,848,607.5,"9,07,504","69,92,65,295.30","25,962",UPL
22-Nov-22,EQ,760,770,757.05,759.6,768,768.75,765.87,848,607.5,"12,88,326","98,66,95,472.65","31,536",UPL
21-Nov-22,EQ,765,765,755.3,765.95,758.7,759.6,759.74,848,607.5,"8,18,375","62,17,55,157.25","25,143",UPL
18-Nov-22,EQ,776,776,760.25,771.45,763.35,765.95,768.07,848,607.5,"24,66,319","1,89,43,07,528.70","37,143",UPL
17-Nov-22,EQ,767.5,776,761.1,767.5,766.95,771.45,771.3,848,607.5,"18,46,461","1,42,41,82,103.10","44,014",UPL
16-Nov-22,EQ,770.45,771.3,762.25,770.25,768,767.5,766.31,848,607.5,"14,07,784","1,07,88,00,440.45","31,540",UPL
15-Nov-22,EQ,774.05,780,764.5,774.05,770.5,770.25,769.78,848,607.5,"16,49,039","1,26,94,05,154.15","37,446",UPL
14-Nov-22,EQ,771.75,785,768.65,767.9,773.55,774.05,776.62,848,607.5,"35,32,456","2,74,33,64,316.80","50,193",UPL
11-Nov-22,EQ,760,769.9,759.05,756.1,767,767.9,765.63,848,607.5,"30,77,741","2,35,63,96,439.15","56,463",UPL
10-Nov-22,EQ,754.95,758.6,748.05,753.6,757,756.1,753.25,848,607.5,"49,29,698","3,71,32,92,879.80","46,542",UPL
9-Nov-22,EQ,755.8,759.45,747.3,748.45,751.9,753.6,754.08,848,607.5,"36,49,011","2,75,16,49,712.70","46,686",UPL
7-Nov-22,EQ,742.55,749.95,739.05,738.85,748.45,748.45,744.81,848,607.5,"31,02,187","2,31,05,55,356.90","53,912",UPL
4-Nov-22,EQ,730,739.95,725,726.2,739,738.85,732.9,848,607.5,"33,18,868","2,43,24,08,259.70","55,941",UPL
3-Nov-22,EQ,716.9,727.7,711.1,717.55,725.5,726.2,723.45,848,607.5,"16,65,899","1,20,51,99,234.70","33,763",UPL
2-Nov-22,EQ,720.6,728.3,713.8,717,716.95,717.55,719.37,848,607.5,"19,49,252","1,40,22,25,438.80","36,281",UPL
1-Nov-22,EQ,737.8,739.45,711.25,730.2,718.3,717,724.54,848,607.5,"50,60,223","3,66,63,43,150.15","84,255",UPL
31-Oct-22,EQ,717.5,732,711,713.9,732,730.2,725.02,848,607.5,"27,33,496","1,98,18,32,025.30","53,823",UPL
28-Oct-22,EQ,707,715.9,703.45,706.45,712.7,713.9,711.69,848,607.5,"18,34,544","1,30,56,32,452.25","37,643",UPL
27-Oct-22,EQ,701.4,709,695.8,694.45,705.9,706.45,703.83,848,607.5,"25,48,464","1,79,36,75,896.50","73,331",UPL
25-Oct-22,EQ,709.95,709.95,691.15,708.1,694.7,694.45,695.75,848,607.5,"28,90,000","2,01,07,07,831.25","60,515",UPL
24-Oct-22,EQ,711,714.7,702.85,700.2,711.3,708.1,707.18,848,607.5,"5,45,145","38,55,16,572.85","11,907",UPL
21-Oct-22,EQ,712.7,724,696.8,713.5,701.5,700.2,710.34,848,607.5,"50,22,081","3,56,73,78,295.50","80,992",UPL
20-Oct-22,EQ,675,715.8,666.9,676.8,712.75,713.5,699.74,848,607.5,"72,10,550","5,04,55,45,790.10","1,19,052",UPL
19-Oct-22,EQ,685,689.1,675.6,682.05,676.4,676.8,680.9,848,607.5,"9,38,837","63,92,58,790.00","26,722",UPL
18-Oct-22,EQ,681.45,689.05,680,678.05,681.65,682.05,684.39,848,607.5,"12,38,762","84,77,95,402.30","42,772",UPL
17-Oct-22,EQ,679.6,684,671.8,678.3,679,678.05,678.21,848,607.5,"13,60,600","92,27,66,184.50","41,383",UPL
14-Oct-22,EQ,674,687.6,672,663.9,677.35,678.3,681.59,848,607.5,"21,08,845","1,43,73,59,818.15","48,497",UPL
13-Oct-22,EQ,675,676.5,662.1,673.6,663.6,663.9,666.38,848,607.5,"7,45,089","49,65,13,644.40","23,639",UPL
12-Oct-22,EQ,665,675.55,660.7,664.15,672.75,673.6,668.43,848,607.5,"11,71,443","78,30,28,295.15","36,038",UPL
11-Oct-22,EQ,686.45,686.45,660.2,683,662.25,664.15,673.25,848,607.5,"12,57,522","84,66,27,060.35","48,484",UPL
10-Oct-22,EQ,680,686.8,677.5,690.45,684.75,683,682.46,848,607.5,"10,09,423","68,88,94,267.70","37,407",UPL
7-Oct-22,EQ,685,699.9,683.95,686,689.8,690.45,692.79,848,607.5,"23,67,283","1,64,00,38,882.05","59,340",UPL
6-Oct-22,EQ,691,694.85,683.5,689.95,685,686,688.73,848,607.5,"12,08,462","83,23,02,953.50","46,440",UPL
4-Oct-22,EQ,678,691.7,674,665.1,689.8,689.95,683.07,848,607.5,"23,72,225","1,62,04,06,942.70","48,398",UPL
3-Oct-22,EQ,671.2,681.8,664,672.05,664,665.1,672.87,848,607.5,"18,15,744","1,22,17,65,383.30","39,307",UPL
30-Sep-22,EQ,656.8,674.85,654.4,656.8,673.2,672.05,666.14,848,607.5,"17,45,532","1,16,27,68,632.95","52,270",UPL
29-Sep-22,EQ,667.05,675.45,654,663.7,658.5,656.8,663.26,848,607.5,"21,21,416","1,40,70,50,531.70","53,519",UPL
28-Sep-22,EQ,676.7,677.5,660.55,677.7,661,663.7,669.39,848,607.5,"16,17,322","1,08,26,15,258.05","54,340",UPL
27-Sep-22,EQ,683.3,687.85,672.5,679.9,678,677.7,679.89,848,607.5,"11,99,827","81,57,52,627.05","42,320",UPL
26-Sep-22,EQ,698,701.95,670.4,702.85,679.75,679.9,680.44,848,607.5,"21,82,907","1,48,53,43,898.70","55,476",UPL
23-Sep-22,EQ,724,727.3,700,721.35,700,702.85,707.9,848,607.5,"22,30,894","1,57,92,52,137.95","58,005",UPL
22-Sep-22,EQ,709.1,726.6,709.1,717.5,723,721.35,719.66,848,607.5,"22,03,643","1,58,58,71,646.40","48,436",UPL
21-Sep-22,EQ,717,724.45,705,719.9,715.1,717.5,715.95,848,607.5,"20,77,807","1,48,76,08,390.85","54,189",UPL
20-Sep-22,EQ,715.85,723.6,714.2,712.25,718.3,719.9,719.85,848,607.5,"13,42,093","96,61,09,983.50","50,023",UPL
19-Sep-22,EQ,706.95,718.55,696.05,703.4,711.85,712.25,711.48,848,607.5,"21,89,179","1,55,75,64,481.55","53,853",UPL
16-Sep-22,EQ,746.35,753.25,699,742.6,704.55,703.4,715.41,848,607.5,"65,46,670","4,68,35,55,286.30","1,16,062",UPL
15-Sep-22,EQ,750,756.4,741,748.3,742.05,742.6,745.82,848,607.5,"14,49,814","1,08,13,07,286.90","33,891",UPL
14-Sep-22,EQ,748,760.15,743.8,755.7,749.9,748.3,751.97,848,607.5,"20,44,162","1,53,71,47,228.00","44,950",UPL
13-Sep-22,EQ,759,768,753.35,756.35,754.7,755.7,761.5,848,607.5,"25,41,324","1,93,52,08,652.85","50,422",UPL
12-Sep-22,EQ,745.7,758.9,744.05,742,756.5,756.35,753.78,848,607.5,"22,24,393","1,67,67,02,928.90","40,851",UPL
9-Sep-22,EQ,742,756.85,740.1,737.5,741.9,742,747.93,848,607.5,"26,59,280","1,98,89,43,850.45","58,451",UPL
8-Sep-22,EQ,744.85,747.65,734,741.1,737,737.5,738.88,848,607.5,"19,93,343","1,47,28,32,914.95","44,480",UPL
7-Sep-22,EQ,736.05,743,734,738.1,741.7,741.1,737.94,848,607.5,"18,74,233","1,38,30,77,113.45","33,164",UPL
6-Sep-22,EQ,749.7,751.95,735.9,746.85,739,738.1,742.19,848,607.5,"17,99,028","1,33,52,25,946.15","33,163",UPL
5-Sep-22,EQ,741.35,753.75,740,745.8,746.3,746.85,748.71,848,607.5,"19,63,379","1,47,00,04,022.15","26,338",UPL
2-Sep-22,EQ,760.25,762.1,744.3,756.45,745.95,745.8,751.09,848,607.5,"20,98,827","1,57,64,04,469.65","45,420",UPL
1-Sep-22,EQ,764.05,766.65,751.3,769.25,757.5,756.45,757.69,848,607.5,"24,40,603","1,84,92,32,138.25","64,977",UPL
30-Aug-22,EQ,754.25,770.1,751.65,750.45,767,769.25,761.93,848,607.5,"34,14,234","2,60,13,93,012.00","49,219",UPL
29-Aug-22,EQ,750,756.05,739.4,760,751.05,750.45,749.19,848,607.5,"14,06,170","1,05,34,92,511.50","31,922",UPL
26-Aug-22,EQ,766.5,779,758.15,762.65,760.2,760,764.89,848,607.5,"36,43,595","2,78,69,48,946.20","46,968",UPL
25-Aug-22,EQ,762.5,778,758.3,759.75,763,762.65,770.33,848,607.5,"25,16,409","1,93,84,63,123.80","58,842",UPL
24-Aug-22,EQ,760.2,763.7,753,759.55,758.25,759.75,758.3,848,607.5,"12,45,022","94,40,95,179.60","28,664",UPL
23-Aug-22,EQ,737,762,737,744.7,760.2,759.55,753.17,848,607.5,"15,94,035","1,20,05,76,382.70","39,715",UPL
22-Aug-22,EQ,760.25,762.95,743.15,768.25,745.55,744.7,752.02,848,607.5,"17,49,489","1,31,56,48,056.00","48,666",UPL
19-Aug-22,EQ,773.95,779.55,764,773.95,767.8,768.25,770.36,848,607.5,"16,93,235","1,30,44,07,290.95","44,077",UPL
18-Aug-22,EQ,789,791.5,773,790.5,774.4,773.95,779.95,848,607.5,"22,39,104","1,74,63,94,619.50","49,093",UPL
17-Aug-22,EQ,787,793.7,783.85,788.55,789.4,790.5,789.08,848,607.5,"9,82,454","77,52,31,184.45","31,376",UPL
16-Aug-22,EQ,790,804.25,786.1,788.9,787,788.55,795.57,848,607.5,"22,69,603","1,80,56,35,493.60","51,481",UPL
12-Aug-22,EQ,768,790,768,767.5,789,788.9,782.13,848,607.5,"37,44,532","2,92,86,94,972.05","71,607",UPL
11-Aug-22,EQ,769.35,774.2,760.35,765.3,768,767.5,767.99,848,607.5,"20,71,502","1,59,08,88,984.20","49,305",UPL
10-Aug-22,EQ,757,767.4,752,749.15,764,765.3,761.1,848,607.5,"32,48,773","2,47,26,42,511.50","79,625",UPL
8-Aug-22,EQ,743.4,751.55,736.55,743.45,749.45,749.15,744.54,848,607.5,"15,89,806","1,18,36,76,734.85","41,606",UPL
5-Aug-22,EQ,735,750,731,731.75,742.5,743.45,741.34,848,607.5,"18,28,490","1,35,55,28,726.70","46,784",UPL
4-Aug-22,EQ,738.4,740.95,721.4,731.35,731,731.75,732.15,848,607.5,"17,81,136","1,30,40,52,465.40","57,801",UPL
3-Aug-22,EQ,739.9,744.4,725,739.6,732.5,731.35,731.32,848,607.5,"30,58,290","2,23,65,87,316.75","71,784",UPL
2-Aug-22,EQ,766.2,766.2,730,767.35,736.95,739.6,738.72,848,607.5,"56,11,299","4,14,51,65,781.50","90,707",UPL
1-Aug-22,EQ,753,780.4,744.05,741.1,760,767.35,764.49,848,607.5,"77,97,234","5,96,09,44,159.65","1,06,052",UPL
29-Jul-22,EQ,737,745,732,727.7,739.9,741.1,739.75,848,607.5,"15,18,704","1,12,34,57,569.10","39,323",UPL
28-Jul-22,EQ,725.9,730.8,719.4,721.6,728,727.7,726.92,848,607.5,"13,35,287","97,06,40,573.35","34,292",UPL
27-Jul-22,EQ,715,723,708,726.35,723,721.6,715.6,848,607.5,"14,63,655","1,04,73,96,852.90","38,639",UPL
26-Jul-22,EQ,733.95,739.5,724.05,733.95,726,726.35,732.48,848,607.5,"15,01,349","1,09,97,03,895.60","38,186",UPL
25-Jul-22,EQ,725.1,737.7,723.9,725,734,733.95,732.99,848,607.5,"21,79,454","1,59,75,15,478.75","54,341",UPL
22-Jul-22,EQ,710.95,730.65,709,705,725.1,725,724.43,849,607.5,"57,83,131","4,18,94,62,874.25","1,33,132",UPL
21-Jul-22,EQ,687.9,706.95,685.5,686.25,706.05,705,700.69,849,607.5,"27,47,265","1,92,49,68,173.15","72,417",UPL
20-Jul-22,EQ,693,697.5,685.15,684.35,685.2,686.25,691.41,849,607.5,"16,24,888","1,12,34,65,318.15","46,834",UPL
19-Jul-22,EQ,679.95,687.75,677.2,685.05,685,684.35,683.18,849,607.5,"19,09,300","1,30,44,04,591.55","47,052",UPL
18-Jul-22,EQ,676.95,687.75,675,669.35,685.55,685.05,682.21,849,607.5,"18,68,531","1,27,47,38,842.35","50,427",UPL
15-Jul-22,EQ,672.45,676.45,663.05,670.15,670.95,669.35,669,852.4,607.5,"11,43,520","76,50,19,007.50","24,791",UPL
14-Jul-22,EQ,680.3,685,666.6,679.5,671.55,670.15,673.51,852.4,607.5,"14,60,677","98,37,86,868.80","35,651",UPL
13-Jul-22,EQ,683.65,686.25,677,680.2,680.4,679.5,680.65,852.4,607.5,"11,52,719","78,45,96,374.20","42,133",UPL
12-Jul-22,EQ,687,691.45,676.25,690.8,679.35,680.2,681.07,852.4,607.5,"10,83,141","73,76,91,790.45","29,073",UPL
11-Jul-22,EQ,688.45,695,683.25,690.25,690,690.8,690.38,852.4,607.5,"18,22,281","1,25,80,64,383.55","41,809",UPL
8-Jul-22,EQ,685,692.3,681.25,682.75,689.5,690.25,687.8,852.4,607.5,"30,24,014","2,07,99,24,153.35","56,088",UPL
7-Jul-22,EQ,667,684.65,664.45,662.5,680.65,682.75,676.67,852.4,607.5,"33,20,190","2,24,66,77,309.75","49,637",UPL
6-Jul-22,EQ,655.9,664.15,652.6,656.4,663,662.5,658.94,852.4,607.5,"16,74,576","1,10,34,52,213.05","53,851",UPL
5-Jul-22,EQ,659,671.65,654.6,654.5,656.35,656.4,663.48,852.4,607.5,"27,21,295","1,80,55,27,357.40","54,488",UPL
4-Jul-22,EQ,643.4,657.8,636.05,643.5,656.25,654.5,647.93,852.4,607.5,"30,02,770","1,94,55,90,603.85","40,308",UPL
1-Jul-22,EQ,630,646,621.95,632.4,642.85,643.5,636.55,852.4,607.5,"35,75,548","2,27,60,28,901.70","70,205",UPL
30-Jun-22,EQ,645,645.75,630.15,644.4,633.6,632.4,636.69,852.4,607.5,"37,92,264","2,41,44,81,741.75","98,195",UPL
29-Jun-22,EQ,652.05,653.95,641.55,656,643.8,644.4,645.43,852.4,607.5,"23,71,912","1,53,09,01,411.15","57,737",UPL
28-Jun-22,EQ,651.1,665.5,647.65,657.1,657.65,656,658.82,852.4,607.5,"26,92,035","1,77,35,55,823.60","48,826",UPL
27-Jun-22,EQ,648,666.5,644.1,640.85,657.95,657.1,658.95,852.4,607.5,"24,42,598","1,60,95,56,185.35","60,295",UPL
24-Jun-22,EQ,633,645.25,631.05,633.2,640.25,640.85,640.56,852.4,607.5,"19,01,670","1,21,81,41,438.95","58,989",UPL
23-Jun-22,EQ,613,635.65,607.5,613.65,633.05,633.2,622.93,852.4,607.5,"38,57,527","2,40,29,85,499.00","81,233",UPL
22-Jun-22,EQ,650.2,651.95,611,654.2,613,613.65,620.17,852.4,611,"41,80,495","2,59,26,32,149.15","1,04,487",UPL
21-Jun-22,EQ,642.25,656.95,642.25,640.45,655.75,654.2,652.25,852.4,622,"13,16,846","85,89,11,217.80","46,887",UPL
20-Jun-22,EQ,668,671.95,630.55,665.15,641,640.45,643.21,852.4,622,"25,23,321","1,62,30,33,224.65","57,542",UPL
17-Jun-22,EQ,683.4,687.7,659.25,683.65,666.65,665.15,668.72,854.55,622,"26,07,500","1,74,36,86,976.75","61,775",UPL
16-Jun-22,EQ,722.1,725.5,679.4,712.15,681,683.65,698.12,854.55,622,"17,33,865","1,21,04,51,979.75","66,505",UPL
15-Jun-22,EQ,721.5,723.6,707.05,715.7,711,712.15,713.47,854.55,622,"11,08,371","79,07,92,707.80","39,186",UPL
14-Jun-22,EQ,721.9,731.95,712.25,726.4,717.5,715.7,720.89,854.55,622,"15,90,761","1,14,67,68,825.05","57,565",UPL
13-Jun-22,EQ,726,732.4,719.55,734.4,726.2,726.4,725.55,854.55,622,"15,17,285","1,10,08,62,245.30","40,377",UPL
10-Jun-22,EQ,738,739.95,732.55,747.3,733.95,734.4,736.28,864.7,622,"11,03,946","81,28,17,268.65","31,810",UPL
9-Jun-22,EQ,734.2,751,726.7,735.15,746,747.3,741.28,864.7,622,"23,12,524","1,71,42,26,696.05","56,984",UPL
8-Jun-22,EQ,746,748.7,730,746.2,733,735.15,737.43,864.7,622,"21,12,443","1,55,77,84,316.25","57,247",UPL
7-Jun-22,EQ,778.5,779.8,742.1,779,744.7,746.2,754.31,864.7,622,"20,74,139","1,56,45,38,969.05","47,431",UPL
6-Jun-22,EQ,771.95,781,764.55,769.65,780.9,779,772.67,864.7,622,"8,91,806","68,90,70,628.85","24,084",UPL
3-Jun-22,EQ,782.9,782.9,766.55,775.35,771,769.65,775.71,864.7,622,"11,75,685","91,19,85,086.55","27,136",UPL
2-Jun-22,EQ,775,787.45,769,779.75,774.9,775.35,778.6,864.7,622,"16,62,461","1,29,43,91,214.60","51,756",UPL
1-Jun-22,EQ,772.6,784.4,772.6,779.6,780.85,779.75,779.04,864.7,622,"11,36,166","88,51,21,877.25","36,804",UPL
31-May-22,EQ,782.5,791.2,775,782.55,781.95,779.6,783.17,864.7,622,"19,81,316","1,55,17,05,157.95","36,148",UPL
30-May-22,EQ,760.35,787.8,760.35,756.6,781,782.55,780.52,864.7,622,"17,35,999","1,35,49,79,373.10","45,031",UPL
27-May-22,EQ,754,762.7,746.65,747.45,755.1,756.6,755.86,864.7,622,"15,29,970","1,15,64,42,986.35","41,056",UPL
26-May-22,EQ,764,766,733.05,764,748.55,747.45,744.22,864.7,622,"25,77,097","1,91,79,28,014.45","65,698",UPL
25-May-22,EQ,794.5,798,758.4,792.55,761,764,771.91,864.7,622,"14,84,158","1,14,56,36,227.05","49,450",UPL
24-May-22,EQ,789,798.8,783.65,791.25,792.8,792.55,791.45,864.7,622,"16,95,450","1,34,18,67,520.05","47,403",UPL
23-May-22,EQ,810,815.35,788.75,808.25,789.75,791.25,798.14,864.7,622,"33,41,478","2,66,69,60,702.35","74,584",UPL
20-May-22,EQ,818,828,803.5,814,808.3,808.25,812.11,864.7,622,"22,35,524","1,81,54,93,814.75","55,744",UPL
19-May-22,EQ,807.8,816.35,803,821.1,811,814,809.06,864.7,622,"18,01,424","1,45,74,55,991.00","42,432",UPL
18-May-22,EQ,817,827,809.25,817.35,822,821.1,818.25,864.7,622,"17,92,368","1,46,65,98,440.65","47,883",UPL
17-May-22,EQ,808,819.7,798.7,802.25,819,817.35,810.82,864.7,622,"18,44,532","1,49,55,79,417.75","44,458",UPL
16-May-22,EQ,784.7,806.5,775.05,781.55,803.6,802.25,798.21,864.7,622,"32,67,900","2,60,84,54,812.40","57,864",UPL
13-May-22,EQ,774,795,772.1,764.95,780.5,781.55,787.76,864.7,622,"30,62,695","2,41,26,74,801.50","47,487",UPL
12-May-22,EQ,782,789.25,753,792.15,768.9,764.95,769.45,864.7,622,"29,98,405","2,30,71,21,707.05","65,010",UPL
11-May-22,EQ,801,812.7,782.8,789.8,794.25,792.15,797.39,864.7,622,"36,54,568","2,91,41,14,496.65","96,342",UPL
10-May-22,EQ,792,800.65,778.55,777.6,787.15,789.8,790.4,864.7,622,"40,27,939","3,18,36,77,844.75","1,02,868",UPL
9-May-22,EQ,772,806.65,768.55,786.85,776.65,777.6,788.92,864.7,622,"68,00,255","5,36,48,37,457.25","1,31,870",UPL
6-May-22,EQ,815,815,779.45,823.25,787.7,786.85,790.77,864.7,596.15,"32,56,336","2,57,50,13,675.95","69,240",UPL
5-May-22,EQ,830.4,841.4,819.1,824.2,823.7,823.25,829.67,864.7,596.15,"26,30,497","2,18,24,49,440.35","49,164",UPL
4-May-22,EQ,830.9,848,816.95,830.25,823,824.2,834.2,864.7,596.15,"48,88,165","4,07,76,83,932.50","1,10,396",UPL
2-May-22,EQ,815.55,837.7,812.7,822.9,830.05,830.25,829.02,864.7,596.15,"38,55,822","3,19,65,63,284.75","70,513",UPL
29-Apr-22,EQ,832,834,816.35,824.3,828,822.9,825.4,864.7,585.9,"32,36,877","2,67,17,19,292.40","54,054",UPL
28-Apr-22,EQ,814.25,827,804.25,798.4,826.4,824.3,819.27,864.7,585.9,"46,06,626","3,77,40,55,789.30","94,187",UPL
27-Apr-22,EQ,809.9,810.15,794.2,812.35,798.45,798.4,798.53,864.7,585.9,"16,27,577","1,29,96,73,802.95","38,939",UPL
26-Apr-22,EQ,814,819.3,807.1,803.05,811.8,812.35,813.04,864.7,585.9,"20,22,477","1,64,43,63,884.10","32,819",UPL
25-Apr-22,EQ,805,808.95,791.5,816.55,804.5,803.05,799.35,864.7,585.9,"20,50,099","1,63,87,48,612.40","39,007",UPL
22-Apr-22,EQ,828.9,828.9,811.3,829.15,816.2,816.55,818.44,864.7,581.3,"31,47,260","2,57,58,39,099.00","44,864",UPL
21-Apr-22,EQ,831,833.65,821,825.25,828,829.15,827.31,864.7,581.3,"26,91,988","2,22,70,97,233.50","51,674",UPL
20-Apr-22,EQ,809.5,826.9,807.05,804.9,826,825.25,817.43,864.7,581.3,"30,42,831","2,48,73,07,686.70","58,965",UPL
19-Apr-22,EQ,807,823.9,800,805.15,802.9,804.9,815.05,864.7,581.3,"29,07,063","2,36,94,04,084.20","61,447",UPL
18-Apr-22,EQ,813.65,817.7,792.3,818.65,808,805.15,802.61,864.7,581.3,"30,37,877","2,43,82,31,578.00","69,786",UPL
13-Apr-22,EQ,805.65,836.45,805,805.65,819.5,818.65,824.94,864.7,581.3,"49,74,212","4,10,34,34,080.70","91,555",UPL
12-Apr-22,EQ,817.65,817.65,800.5,819.85,804.9,805.65,808.06,864.7,581.3,"31,23,878","2,52,42,92,201.85","68,570",UPL
11-Apr-22,EQ,811,824,810.15,809.75,818,819.85,817.65,864.7,581.3,"31,67,295","2,58,97,32,578.45","66,442",UPL
8-Apr-22,EQ,806,819.5,805.65,803.35,810,809.75,811.96,864.7,581.3,"32,85,707","2,66,78,50,310.65","52,771",UPL
7-Apr-22,EQ,797,809,790.45,805.3,805,803.35,801.54,864.7,581.3,"22,27,078","1,78,51,00,204.60","53,265",UPL
6-Apr-22,EQ,796.2,811.8,792.1,793.55,803.9,805.3,806,864.7,581.3,"28,80,663","2,32,18,22,397.75","58,462",UPL
5-Apr-22,EQ,791.95,800.65,790.3,784.35,795,793.55,794.7,864.7,581.3,"23,26,745","1,84,90,58,311.90","56,211",UPL
4-Apr-22,EQ,781.45,790,779.05,781.55,785.5,784.35,786.06,864.7,581.3,"11,11,794","87,39,32,476.00","31,430",UPL
1-Apr-22,EQ,770.5,783.5,770.5,769.6,781.55,781.55,777.48,864.7,581.3,"14,67,955","1,14,13,00,756.80","37,305",UPL
31-Mar-22,EQ,778.55,778.95,765,776.15,768.05,769.6,769.92,864.7,581.3,"18,74,608","1,44,32,95,431.70","46,039",UPL
30-Mar-22,EQ,782,785.5,774,782,775.8,776.15,779.2,864.7,581.3,"11,13,587","86,77,05,282.95","34,066",UPL
29-Mar-22,EQ,781.5,790.4,779.05,780.75,781.1,782,783.71,864.7,581.3,"16,36,109","1,28,22,39,014.65","50,572",UPL
28-Mar-22,EQ,795.05,797.95,778,798.55,780,780.75,783.7,864.7,581.3,"22,07,764","1,73,02,26,610.80","58,656",UPL
25-Mar-22,EQ,807,814.5,791.6,799.1,793,798.55,805.24,864.7,581,"47,62,541","3,83,49,89,203.20","75,224",UPL
24-Mar-22,EQ,795,801.85,789.05,793.95,796.1,799.1,796.43,864.7,581,"21,17,672","1,68,65,81,699.00","55,789",UPL
23-Mar-22,EQ,780.5,796.4,780,780.95,794.8,793.95,787.49,864.7,581,"23,65,083","1,86,24,88,778.75","48,785",UPL
22-Mar-22,EQ,775,787,771.05,775.9,780.1,780.95,779.99,864.7,581,"27,88,207","2,17,47,59,804.15","65,476",UPL
21-Mar-22,EQ,770,777.75,760,761.6,775,775.9,772.31,864.7,581,"32,21,656","2,48,81,10,112.75","60,155",UPL
17-Mar-22,EQ,759,764.5,754.55,752.45,762.5,761.6,759.89,864.7,581,"22,97,497","1,74,58,39,562.75","55,775",UPL
16-Mar-22,EQ,749.95,756.65,743.9,741,750.5,752.45,750.06,864.7,581,"28,79,590","2,15,98,68,488.60","54,470",UPL
15-Mar-22,EQ,730,746,728.55,730.75,739.15,741,739.61,864.7,581,"40,51,465","2,99,64,95,710.30","95,313",UPL
14-Mar-22,EQ,728,733.55,720.1,725.45,730.1,730.75,729.36,864.7,581,"28,45,328","2,07,52,67,486.25","64,175",UPL
11-Mar-22,EQ,723.85,729,716.2,724.2,724.4,725.45,722.92,864.7,581,"25,59,363","1,85,02,23,105.95","80,043",UPL
10-Mar-22,EQ,731.55,742.4,720,725.2,721,724.2,731.48,864.7,581,"42,18,131","3,08,54,91,421.00","1,16,618",UPL
9-Mar-22,EQ,732.5,734.8,712.7,724.2,725,725.2,722.69,864.7,581,"28,88,800","2,08,77,15,461.65","88,482",UPL
8-Mar-22,EQ,730.4,740.95,707.6,731.9,725.05,724.2,722.29,864.7,581,"41,17,923","2,97,43,44,971.75","1,13,466",UPL
7-Mar-22,EQ,710.05,735,685.75,713.75,730.35,731.9,719.12,864.7,581,"69,69,575","5,01,19,84,891.70","1,09,935",UPL
4-Mar-22,EQ,712,735.9,704.8,713.75,713.55,713.75,724.01,864.7,570,"1,01,89,495","7,37,72,74,290.80","1,99,689",UPL
3-Mar-22,EQ,707.9,724.6,688.95,689.55,720.35,713.75,701.22,864.7,570,"96,76,442","6,78,53,22,884.15","1,72,477",UPL
2-Mar-22,EQ,663.65,697,659.5,665.45,689.75,689.55,684.64,864.7,570,"84,99,711","5,81,92,77,849.10","1,39,116",UPL
28-Feb-22,EQ,651,668.95,644.1,654.7,665.6,665.45,657.36,864.7,570,"30,60,915","2,01,21,14,942.20","67,782",UPL
25-Feb-22,EQ,656.2,663.85,644.65,632.3,654,654.7,654.14,864.7,514.05,"38,90,925","2,54,52,18,242.60","96,168",UPL
24-Feb-22,EQ,673,674.75,622,688,631,632.3,647.08,864.7,514.05,"54,53,651","3,52,89,40,539.50","1,32,743",UPL
23-Feb-22,EQ,700.05,702.65,684.85,693.35,686.35,688,694.04,864.7,514.05,"27,13,053","1,88,29,80,206.55","65,754",UPL
22-Feb-22,EQ,689,695.7,676.25,704.15,695.2,693.35,685.37,864.7,514.05,"28,41,052","1,94,71,63,040.75","85,340",UPL
21-Feb-22,EQ,724.9,724.9,701.85,724.95,704.35,704.15,707.67,864.7,514.05,"25,77,455","1,82,39,91,172.80","48,304",UPL
18-Feb-22,EQ,728,736.2,719,727.05,725,724.95,727.82,864.7,514.05,"19,73,922","1,43,66,50,302.45","42,634",UPL
17-Feb-22,EQ,737,742.7,725.75,735.8,726.5,727.05,731.66,864.7,514.05,"11,74,134","85,90,64,458.10","31,361",UPL
16-Feb-22,EQ,750,750,732.3,744.7,734.95,735.8,742.07,864.7,514.05,"13,98,493","1,03,77,72,959.60","39,638",UPL
15-Feb-22,EQ,725.1,746.95,716.15,721.7,745.55,744.7,729.54,864.7,514.05,"14,67,359","1,07,04,99,376.65","58,514",UPL
14-Feb-22,EQ,744.3,749.05,716,753.2,716,721.7,736.5,864.7,514.05,"19,50,243","1,43,63,53,148.30","54,288",UPL
11-Feb-22,EQ,765.85,766.95,750,770.1,751.35,753.2,756.76,864.7,514.05,"16,21,795","1,22,73,11,930.40","53,454",UPL
10-Feb-22,EQ,775,778.95,767.95,770.5,769.1,770.1,772.69,864.7,514.05,"25,61,635","1,97,93,59,485.55","59,463",UPL
9-Feb-22,EQ,764.5,772.45,760,758.65,772,770.5,767.47,864.7,514.05,"13,42,782","1,03,05,42,707.35","40,319",UPL
8-Feb-22,EQ,757,763.95,744.1,756.6,758,758.65,755.08,864.7,514.05,"20,63,533","1,55,81,31,110.90","61,970",UPL
7-Feb-22,EQ,764.2,774.9,750.25,767.2,756.95,756.6,761.12,864.7,514.05,"12,55,955","95,59,35,298.20","38,720",UPL
4-Feb-22,EQ,773.6,776.8,765,773.5,766.15,767.2,770.62,864.7,510,"9,92,052","76,44,96,160.15","38,325",UPL
3-Feb-22,EQ,788.95,791,771,785.95,771.95,773.5,778.54,864.7,510,"14,93,402","1,16,26,70,543.75","49,491",UPL
2-Feb-22,EQ,786.6,799.6,782,785,786.25,785.95,790.39,864.7,510,"17,71,793","1,40,04,00,253.40","56,070",UPL
1-Feb-22,EQ,785,795.6,766.9,776.5,786,785,782.59,864.7,510,"36,93,825","2,89,07,63,366.50","80,797",UPL
31-Jan-22,EQ,803.75,812.7,775,790.25,780.1,776.5,794.13,864.7,510,"51,38,792","4,08,08,93,326.50","1,18,956",UPL
28-Jan-22,EQ,778,806.5,777.55,771.95,791.1,790.25,794.81,864.7,510,"40,07,799","3,18,54,48,667.80","76,429",UPL
27-Jan-22,EQ,794.85,794.85,765,791.15,771.5,771.95,774.63,864.7,510,"24,36,411","1,88,73,26,835.50","62,468",UPL
25-Jan-22,EQ,754.5,795.15,746.1,762.6,789.4,791.15,778.37,864.7,510,"29,81,161","2,32,04,53,351.95","76,880",UPL
24-Jan-22,EQ,776.7,786,755.5,786.9,759,762.6,769.63,864.7,510,"16,63,579","1,28,03,38,418.20","45,608",UPL
21-Jan-22,EQ,801,804.85,780.1,808.45,787.85,786.9,794.6,864.7,510,"14,49,766","1,15,19,80,611.10","41,941",UPL
20-Jan-22,EQ,820,823,804,813.25,810.65,808.45,811.6,864.7,510,"19,50,781","1,58,32,59,681.60","56,675",UPL
19-Jan-22,EQ,798,815,789.2,799.1,814,813.25,806.53,864.7,510,"21,93,951","1,76,94,89,903.00","73,369",UPL
18-Jan-22,EQ,821.55,825,795.85,824.75,802,799.1,809.61,864.7,510,"28,20,426","2,28,34,41,570.85","1,07,169",UPL
17-Jan-22,EQ,825.45,830.7,815.7,824.65,823.25,824.75,823.05,864.7,510,"25,69,165","2,11,45,59,082.70","58,073",UPL
14-Jan-22,EQ,836,836.05,818,841,823.35,824.65,825.67,864.7,484.4,"36,90,548","3,04,71,89,842.40","57,649",UPL
13-Jan-22,EQ,823.1,844.9,823.1,822.4,839.2,841,837.63,864.7,484.4,"44,10,699","3,69,45,13,482.65","87,146",UPL
12-Jan-22,EQ,821.1,825.1,812.4,819.55,824.05,822.4,818.86,864.7,484.4,"22,42,638","1,83,64,01,168.35","60,392",UPL
11-Jan-22,EQ,821.8,828,816,821.6,819.15,819.55,820.49,864.7,484.4,"20,04,689","1,64,48,30,068.90","71,277",UPL
10-Jan-22,EQ,792.1,825,791.7,788.95,825,821.6,813.45,864.7,484.4,"74,24,271","6,03,92,49,670.05","1,38,680",UPL
7-Jan-22,EQ,782,790.7,776.55,782.75,789.65,788.95,784.9,864.7,466.35,"20,52,552","1,61,10,47,796.45","51,685",UPL
6-Jan-22,EQ,766,787,759.45,764.5,781.4,782.75,778.61,864.7,466.35,"54,36,867","4,23,31,95,812.70","1,10,235",UPL
5-Jan-22,EQ,759,769.85,757.4,761.75,764.35,764.5,762.28,864.7,466.35,"11,56,604","88,16,50,851.20","29,824",UPL
4-Jan-22,EQ,769.15,769.15,755.5,764.2,762.25,761.75,761.05,864.7,466.35,"12,47,395","94,93,27,868.75","36,645",UPL
3-Jan-22,EQ,753,766.9,750,747.1,764,764.2,759.95,864.7,466.35,"11,57,591","87,97,12,288.90","29,548",UPL
31-Dec-21,EQ,748,757.1,745.55,746.65,748.95,747.1,749.92,864.7,445.4,"11,31,359","84,84,24,693.10","28,167",UPL
30-Dec-21,EQ,755,760.35,744.9,758.35,750.7,746.65,750.21,864.7,445.4,"16,86,223","1,26,50,13,835.35","33,842",UPL
29-Dec-21,EQ,759,767.7,754.6,761.75,756.35,758.35,759.73,864.7,445.4,"11,92,837","90,62,38,226.45","23,812",UPL
28-Dec-21,EQ,763.9,765,757.2,756.6,761,761.75,761.54,864.7,445.4,"19,55,283","1,48,90,29,170.90","42,234",UPL
27-Dec-21,EQ,746.65,760,740.25,746.85,759.9,756.6,750.31,864.7,445.4,"13,15,245","98,68,36,801.70","28,221",UPL
24-Dec-21,EQ,759,759,739.1,754.75,748,746.85,746.03,864.7,417,"12,76,729","95,24,74,385.45","29,426",UPL
23-Dec-21,EQ,759,759,748.65,754.3,755.5,754.75,753.01,864.7,417,"15,39,991","1,15,96,30,292.20","38,268",UPL
22-Dec-21,EQ,735,757,735,733.65,753,754.3,750.9,864.7,417,"36,23,916","2,72,12,14,354.65","77,099",UPL
21-Dec-21,EQ,716.65,737.6,712.65,708.3,733.95,733.65,729.25,864.7,417,"16,60,409","1,21,08,59,962.40","43,380",UPL
20-Dec-21,EQ,703.5,715.6,693.3,715.6,705.2,708.3,705.27,864.7,417,"23,38,685","1,64,93,93,053.75","53,096",UPL
17-Dec-21,EQ,729,732.15,713.55,733.9,715.5,715.6,719.47,864.7,417,"28,10,650","2,02,21,87,242.95","48,900",UPL
16-Dec-21,EQ,740,747.4,728.85,739.95,735,733.9,735.68,864.7,417,"10,28,360","75,65,39,285.65","34,578",UPL
15-Dec-21,EQ,746.95,755.7,736.25,747.05,738.45,739.95,748.37,864.7,417,"32,60,708","2,44,02,26,926.45","43,957",UPL
14-Dec-21,EQ,733.6,748.45,733.6,740.4,747.5,747.05,743.93,864.7,417,"15,61,018","1,16,12,94,499.05","34,317",UPL
13-Dec-21,EQ,739.5,751.9,735.5,737.45,740.05,740.4,741.85,864.7,417,"22,03,948","1,63,49,94,320.75","52,937",UPL
10-Dec-21,EQ,741.95,747.65,734.85,742.2,736,737.45,740.33,864.7,416.1,"10,84,590","80,29,56,606.45","25,948",UPL
9-Dec-21,EQ,728.1,744,727.55,728.1,742.45,742.2,738.32,864.7,416.1,"23,96,147","1,76,91,13,363.15","47,815",UPL
8-Dec-21,EQ,727.1,735.65,725.95,726.95,729.3,728.1,729.74,864.7,416.1,"18,27,973","1,33,39,42,359.60","47,881",UPL
7-Dec-21,EQ,720,730.7,717,716.55,726.95,726.95,724.66,864.7,416.1,"14,67,958","1,06,37,74,335.95","47,817",UPL
6-Dec-21,EQ,712.7,733,705,712.75,715.9,716.55,723.39,864.7,416.1,"45,51,735","3,29,27,01,502.20","72,636",UPL
3-Dec-21,EQ,700.1,717.75,699.75,698.2,713,712.75,711.76,864.7,416.1,"39,81,290","2,83,37,22,952.30","85,629",UPL
2-Dec-21,EQ,691.5,700.45,687.25,690.5,698,698.2,696,864.7,416.1,"16,73,311","1,16,46,27,880.95","43,994",UPL
1-Dec-21,EQ,687.5,693.75,681.55,681.7,691.85,690.5,687.19,864.7,416.1,"13,55,645","93,15,80,961.85","43,522",UPL
30-Nov-21,EQ,689,702.75,678.55,689.35,682,681.7,688.1,864.7,416.1,"25,24,084","1,73,68,24,238.95","65,928",UPL
29-Nov-21,EQ,704,710.25,679.25,703.8,689.2,689.35,691.31,864.7,416.1,"29,97,007","2,07,18,60,547.80","67,063",UPL
26-Nov-21,EQ,726,726,701,727.3,703.5,703.8,710.39,864.7,414.15,"24,82,446","1,76,35,06,717.55","59,228",UPL
25-Nov-21,EQ,725.05,737.85,721.75,721.7,727.7,727.3,728.95,864.7,414.15,"41,33,359","3,01,29,92,423.80","72,986",UPL
24-Nov-21,EQ,726,736.1,716.15,725.25,719.95,721.7,729.59,864.7,414.15,"13,12,705","95,77,30,609.65","32,877",UPL
23-Nov-21,EQ,710,729.05,705.25,716.5,724.55,725.25,721.37,864.7,414.15,"17,72,081","1,27,83,29,144.30","44,722",UPL
22-Nov-21,EQ,743,747.1,706.75,741.45,717.9,716.5,723.2,864.7,414.15,"20,41,278","1,47,62,60,994.85","50,753",UPL
18-Nov-21,EQ,755.6,761.9,740,755.6,740.75,741.45,746.88,864.7,406.55,"21,20,918","1,58,40,76,451.50","47,894",UPL
17-Nov-21,EQ,777,777,752.7,780.05,755.25,755.6,763.48,864.7,406.55,"29,98,582","2,28,93,48,540.70","59,789",UPL
16-Nov-21,EQ,786,794,777.1,784.05,778.9,780.05,785.75,864.7,406.55,"28,30,062","2,22,37,26,793.70","54,411",UPL
15-Nov-21,EQ,771,791.4,770.35,769.55,781.75,784.05,784.63,864.7,406.55,"50,69,793","3,97,79,10,742.65","1,20,437",UPL
12-Nov-21,EQ,770,774.7,765.05,764.7,768.65,769.55,770.16,864.7,406.55,"16,08,464","1,23,87,75,206.40","34,209",UPL
11-Nov-21,EQ,774,777.95,760.5,771.3,765.85,764.7,768.32,864.7,406.55,"33,22,415","2,55,26,62,369.45","75,586",UPL
10-Nov-21,EQ,746.25,774,741.1,746.35,771.5,771.3,765.77,864.7,406.55,"64,30,811","4,92,45,07,481.25","1,23,221",UPL
9-Nov-21,EQ,744.7,753.4,742.65,742.65,746,746.35,747.93,864.7,406.55,"16,22,626","1,21,36,04,420.55","37,481",UPL
8-Nov-21,EQ,740,744,731,737.7,741.65,742.65,739.74,864.7,406.55,"12,27,750","90,82,18,949.20","29,986",UPL
4-Nov-21,EQ,745,745,731.1,737.05,734.8,737.7,739.89,864.7,399,"3,90,092","28,86,27,097.60","12,923",UPL
3-Nov-21,EQ,720.3,756.5,720.3,720.3,735.2,737.05,743.73,864.7,399,"65,80,294","4,89,39,77,340.65","1,18,291",UPL
2-Nov-21,EQ,720.8,726.4,711,720.05,720,720.3,718.31,864.7,399,"18,52,304","1,33,05,23,462.00","47,026",UPL
1-Nov-21,EQ,745,745,700,740.2,720.75,720.05,714.75,864.7,399,"59,53,165","4,25,50,17,548.25","1,10,080",UPL
29-Oct-21,EQ,735.9,746,716.55,729.9,745.5,740.2,736.32,864.7,399,"34,48,037","2,53,88,44,118.25","68,632",UPL
28-Oct-21,EQ,743,748.2,725.85,741.5,730,729.9,736.15,864.7,399,"28,75,850","2,11,70,59,261.80","66,708",UPL
27-Oct-21,EQ,714.5,748,712,713.25,740,741.5,735.43,864.7,399,"46,77,615","3,44,00,56,521.95","96,892",UPL
26-Oct-21,EQ,695,716.45,693.6,695.3,715,713.25,708.97,864.7,399,"14,75,209","1,04,58,75,042.70","34,455",UPL
25-Oct-21,EQ,704,708,686.25,704.35,693.6,695.3,693.8,864.7,399,"17,46,556","1,21,17,64,082.75","46,481",UPL
22-Oct-21,EQ,714.25,722.5,699.25,717.45,704,704.35,709.65,864.7,399,"13,75,825","97,63,58,175.15","32,446",UPL
21-Oct-21,EQ,723.05,723.4,706.3,715.9,722,717.45,714.45,864.7,399,"16,25,612","1,16,14,25,920.95","47,506",UPL
20-Oct-21,EQ,733.7,734.9,711.25,733.7,717.05,715.9,721.7,864.7,399,"15,68,362","1,13,18,91,508.30","42,043",UPL
19-Oct-21,EQ,755,759.9,728.6,751.1,731.6,733.7,744.97,864.7,399,"14,98,436","1,11,62,85,882.15","30,110",UPL
18-Oct-21,EQ,749.2,762,745.2,747.85,751.35,751.1,753.11,864.7,399,"26,20,289","1,97,33,74,052.15","56,584",UPL
14-Oct-21,EQ,753,759,745.25,747.45,749.1,747.85,752.88,864.7,399,"21,44,296","1,61,43,92,251.50","50,096",UPL
13-Oct-21,EQ,744.3,754.25,741.65,744.3,746,747.45,749.71,864.7,399,"15,73,332","1,17,95,42,959.05","29,977",UPL
12-Oct-21,EQ,742.45,749.9,738.05,742.45,744,744.3,744.22,864.7,399,"18,37,397","1,36,74,24,880.00","39,975",UPL
11-Oct-21,EQ,740,754.4,740,738,742.45,742.45,746.88,864.7,399,"30,23,541","2,25,82,25,816.60","61,526",UPL
8-Oct-21,EQ,728.05,747.45,726.25,727.5,736.7,738,737.02,864.7,399,"31,81,166","2,34,45,86,040.70","55,579",UPL
7-Oct-21,EQ,735.3,736,723,727.3,728.25,727.5,728.24,864.7,399,"22,33,111","1,62,62,48,610.70","43,575",UPL
6-Oct-21,EQ,716,744.45,715.5,714.65,726.5,727.3,733.53,864.7,399,"77,73,811","5,70,23,13,027.45","1,62,784",UPL
5-Oct-21,EQ,705,719.6,700.55,702.95,714.8,714.65,714.43,864.7,399,"37,80,191","2,70,06,99,663.35","75,499",UPL
4-Oct-21,EQ,713.1,719.9,694,712.65,702.7,702.95,701.63,864.7,399,"76,82,864","5,39,05,08,362.30","1,60,706",UPL
1-Oct-21,EQ,707,714.05,698.25,707.7,711.9,712.65,707.69,864.7,399,"19,47,637","1,37,83,23,023.65","45,859",UPL
30-Sep-21,EQ,717.15,719.9,706.15,717.15,708.2,707.7,711.1,864.7,399,"24,87,764","1,76,90,36,695.05","55,623",UPL
29-Sep-21,EQ,711.9,722.9,709,716.8,715.3,717.15,716.67,864.7,399,"21,60,616","1,54,84,54,141.35","53,418",UPL
28-Sep-21,EQ,728,732.9,710.25,725.85,715.65,716.8,721.66,864.7,399,"25,77,784","1,86,02,90,158.95","51,524",UPL
27-Sep-21,EQ,722.95,737,716.25,718.65,726.9,725.85,728.07,864.7,399,"26,11,791","1,90,15,64,185.20","55,165",UPL
24-Sep-21,EQ,728,731.9,713.55,726.85,719.9,718.65,723.47,864.7,399,"13,72,681","99,30,94,649.30","32,485",UPL
23-Sep-21,EQ,725.1,732,723.05,724.9,727.1,726.85,727.93,864.7,399,"13,37,563","97,36,52,238.80","39,781",UPL
22-Sep-21,EQ,721,726.15,713.75,721.85,725.3,724.9,720.93,864.7,399,"19,13,723","1,37,96,60,630.75","47,699",UPL
21-Sep-21,EQ,705.6,727.9,700,705.6,721.95,721.85,717.84,864.7,399,"42,22,370","3,03,09,89,503.00","72,373",UPL
20-Sep-21,EQ,738,738,701,742.35,702.9,705.6,717.49,864.7,399,"30,82,145","2,21,14,21,643.90","83,072",UPL
17-Sep-21,EQ,759,759,736.1,754,740.9,742.35,743.52,864.7,399,"33,48,764","2,48,98,62,437.80","74,141",UPL
16-Sep-21,EQ,763,769.75,753.1,762.1,753.8,754,759.4,864.7,399,"20,65,099","1,56,82,27,926.75","55,114",UPL
15-Sep-21,EQ,756.8,763.6,752.6,752.5,761.9,762.1,758.33,864.7,399,"13,74,264","1,04,21,46,646.15","42,669",UPL
14-Sep-21,EQ,760.9,764.85,751,756,753,752.5,757.25,864.7,399,"19,32,973","1,46,37,45,859.60","29,455",UPL
13-Sep-21,EQ,754,767.7,751.65,757.9,754.5,756,760.44,864.7,399,"27,24,206","2,07,16,02,341.20","47,510",UPL
9-Sep-21,EQ,761.65,762,754.1,762,757.5,757.9,757.9,864.7,399,"11,74,804","89,03,89,006.20","31,255",UPL
8-Sep-21,EQ,753.5,772.5,747.4,752.05,761,762,764.35,864.7,399,"40,79,877","3,11,84,52,476.50","83,654",UPL
7-Sep-21,EQ,757,759.95,746,755.75,750,752.05,753.23,864.7,399,"13,77,576","1,03,76,33,348.50","24,792",UPL
6-Sep-21,EQ,755,759,749.45,752.8,756.5,755.75,755.24,864.7,399,"14,27,518","1,07,81,22,607.00","28,995",UPL
3-Sep-21,EQ,756.35,760,747.1,753.35,751.9,752.8,752.6,864.7,399,"16,79,831","1,26,42,33,453.35","38,079",UPL
2-Sep-21,EQ,752,757.9,746,748.65,751.9,753.35,752.95,864.7,399,"30,29,716","2,28,12,17,412.65","55,265",UPL
1-Sep-21,EQ,745.15,752.5,739.8,741.25,748.8,748.65,746.01,864.7,399,"20,51,308","1,53,02,93,816.50","42,574",UPL
31-Aug-21,EQ,743,747.35,735.45,740.45,739.9,741.25,742.06,864.7,399,"30,74,791","2,28,16,93,565.25","41,640",UPL
30-Aug-21,EQ,732.95,744.55,730,729.25,740.9,740.45,738.19,864.7,399,"23,58,153","1,74,07,62,413.05","41,760",UPL
27-Aug-21,EQ,724.95,743.4,722.55,719.65,727.95,729.25,730.66,864.7,399,"42,92,477","3,13,63,39,512.75","72,697",UPL
26-Aug-21,EQ,725,729.8,717,726.1,721.2,719.65,722.85,864.7,399,"15,38,567","1,11,21,51,400.70","27,070",UPL
25-Aug-21,EQ,731.05,737.95,721.45,731.05,725.1,726.1,730.71,864.7,399,"18,95,556","1,38,50,98,381.85","40,826",UPL
24-Aug-21,EQ,721.9,732.8,717,718.95,730.95,731.05,724.66,864.7,399,"17,71,956","1,28,40,70,379.25","44,545",UPL
23-Aug-21,EQ,732,737.55,714.5,728.25,718,718.95,724.03,864.7,399,"25,73,379","1,86,32,02,452.75","43,732",UPL
20-Aug-21,EQ,751,757.8,722.1,762.2,723.95,728.25,735.84,864.7,399,"42,57,864","3,13,30,92,957.45","1,05,999",UPL
18-Aug-21,EQ,764.55,766.3,753.5,760.75,761.95,762.2,760.74,864.7,399,"18,46,331","1,40,45,69,032.80","49,152",UPL
17-Aug-21,EQ,775.7,777.55,745.8,772.8,760.4,760.75,763.28,864.7,399,"28,95,739","2,21,02,71,916.45","80,899",UPL
16-Aug-21,EQ,780,784.5,770,779.1,771.9,772.8,774.72,864.7,399,"17,11,689","1,32,60,84,325.55","39,084",UPL
13-Aug-21,EQ,778,784.3,770.6,777.1,777.85,779.1,777.34,864.7,399,"25,49,137","1,98,15,37,284.60","45,283",UPL
12-Aug-21,EQ,773,785.65,772.05,773.8,778.4,777.1,779.62,864.7,399,"22,48,810","1,75,32,22,504.10","43,851",UPL
11-Aug-21,EQ,772,781.9,757,771.1,773.5,773.8,768.85,864.7,399,"31,47,475","2,41,99,21,651.40","62,525",UPL
10-Aug-21,EQ,780.35,787,762.5,778.1,772.85,771.1,776.9,864.7,399,"23,31,179","1,81,10,89,480.60","61,715",UPL
9-Aug-21,EQ,780.8,784.4,770.2,777.3,781,778.1,777.12,864.7,399,"15,17,468","1,17,92,54,960.60","38,165",UPL
6-Aug-21,EQ,779.9,791.7,775.6,777.25,776.65,777.3,782.56,864.7,399,"17,88,211","1,39,93,82,645.95","47,943",UPL
5-Aug-21,EQ,790,790,772,785,776.65,777.25,776.62,864.7,399,"22,64,430","1,75,86,12,248.05","45,963",UPL
4-Aug-21,EQ,792.7,798.85,780.3,790.55,783,785,787.47,864.7,399,"27,22,366","2,14,37,83,637.25","53,661",UPL
3-Aug-21,EQ,795,795,780.6,791.05,789.4,790.55,787.02,864.7,399,"32,65,559","2,57,00,69,801.40","74,628",UPL
2-Aug-21,EQ,808.55,810.65,785.05,808.55,790.35,791.05,793.53,864.7,399,"62,05,784","4,92,44,98,039.85","1,11,801",UPL
30-Jul-21,EQ,821.25,834.5,786.15,819.7,805,808.55,812.67,864.7,399,"77,03,034","6,26,00,05,211.95","1,21,843",UPL
29-Jul-21,EQ,822.95,822.95,810,814.65,819,819.7,816.9,864.7,399,"18,39,368","1,50,25,83,834.35","34,053",UPL
28-Jul-21,EQ,818.65,818.65,796.95,812.75,815,814.65,808.12,864.7,399,"31,72,824","2,56,40,28,930.80","56,559",UPL
27-Jul-21,EQ,820,825.65,806.15,819.95,813.95,812.75,814.55,864.7,399,"17,21,268","1,40,20,57,432.70","43,814",UPL
26-Jul-21,EQ,819,826.75,806.65,819.7,817.5,819.95,820.18,864.7,399,"24,49,095","2,00,87,02,205.90","59,812",UPL
23-Jul-21,EQ,827.5,827.6,816,828,819.2,819.7,820.26,864.7,399,"22,12,963","1,81,52,03,055.80","50,843",UPL
22-Jul-21,EQ,817.95,829.5,816,814.25,826.9,828,823.29,864.7,399,"29,78,752","2,45,23,64,948.55","59,661",UPL
20-Jul-21,EQ,835.45,837.5,803.75,833.25,813.5,814.25,817.96,864.7,399,"32,80,049","2,68,29,39,241.50","67,653",UPL
19-Jul-21,EQ,834.9,849,822.3,837.55,835.95,833.25,832.68,864.7,399,"47,44,590","3,95,07,22,414.50","82,872",UPL
16-Jul-21,EQ,843,852.4,830.8,836.25,836.1,837.55,840.25,864.7,399,"39,07,867","3,28,35,70,336.00","74,795",UPL
15-Jul-21,EQ,821.75,839.3,819.25,819.75,838.9,836.25,829.98,864.7,399,"34,35,337","2,85,12,48,008.65","63,405",UPL
14-Jul-21,EQ,823.4,827.4,818,831.95,819.75,819.75,822.24,864.7,399,"24,56,567","2,01,98,97,265.30","49,850",UPL
13-Jul-21,EQ,828.9,833.8,823.1,821.45,833,831.95,829.89,864.7,399,"26,10,471","2,16,63,91,586.20","47,637",UPL
12-Jul-21,EQ,820,831.7,815.95,814.55,820.2,821.45,823.2,864.7,399,"44,14,998","3,63,44,05,536.25","68,140",UPL
9-Jul-21,EQ,812,823,808.1,814.1,815,814.55,814.68,864.7,399,"26,62,681","2,16,92,38,509.90","52,629",UPL
8-Jul-21,EQ,813.4,824.75,807.35,816.9,814.85,814.1,814.87,864.7,399,"25,36,653","2,06,70,51,441.65","53,239",UPL
7-Jul-21,EQ,804.9,821.5,802,803.3,819,816.9,814.19,864.7,399,"46,41,521","3,77,90,98,673.80","94,502",UPL
6-Jul-21,EQ,808,816,801.4,807.6,802.25,803.3,809.28,864.7,399,"30,97,194","2,50,64,83,802.35","51,603",UPL
5-Jul-21,EQ,801.5,810.7,798.05,799.35,805.5,807.6,804.86,864.7,399,"18,12,638","1,45,89,14,713.30","33,454",UPL
2-Jul-21,EQ,791.5,806.6,789,791.5,798.05,799.35,799,864.7,399,"25,11,086","2,00,63,66,347.25","49,451",UPL
1-Jul-21,EQ,796,798.55,786.45,792.85,790.8,791.5,792.35,864.7,399,"19,33,865","1,53,22,95,990.65","37,964",UPL
30-Jun-21,EQ,810,811,790.6,805.4,794,792.85,799.78,864.7,399,"21,80,444","1,74,38,79,165.00","48,812",UPL
29-Jun-21,EQ,810,817.95,799.3,809.1,805.5,805.4,808.25,864.7,399,"25,09,072","2,02,79,58,242.85","52,879",UPL
28-Jun-21,EQ,805,812.6,801.3,805.15,810,809.1,807.48,864.7,399,"24,99,662","2,01,84,32,073.25","50,260",UPL
25-Jun-21,EQ,809,814,801.85,813.45,803.55,805.15,806.8,864.7,399,"25,66,357","2,07,05,30,173.80","43,463",UPL
24-Jun-21,EQ,809,815.45,796.6,804,813,813.45,806.36,864.7,399,"35,69,898","2,87,86,32,844.45","51,401",UPL
23-Jun-21,EQ,809,810.95,793.1,802.5,804,804,803.51,864.7,399,"54,98,823","4,41,83,77,586.85","77,491",UPL
22-Jun-21,EQ,779,806.5,776.6,772.2,802,802.5,796.73,864.7,399,"87,73,658","6,99,02,11,095.80","1,33,058",UPL
21-Jun-21,EQ,800,800,768.3,808,772.6,772.2,776.19,864.7,399,"1,03,19,132","8,00,96,42,549.55","1,46,255",UPL
18-Jun-21,EQ,839,839.25,790.85,835.05,810.65,808,806.05,864.7,398.05,"81,45,772","6,56,58,84,958.10","1,07,065",UPL
17-Jun-21,EQ,834.85,848,828.65,838.2,834,835.05,839.01,864.7,398.05,"36,84,099","3,09,09,95,982.00","60,134",UPL
16-Jun-21,EQ,843.9,854.55,836.15,841.8,837,838.2,845.97,864.7,398.05,"45,55,364","3,85,37,20,014.20","70,312",UPL
15-Jun-21,EQ,834.2,845.65,830.4,834.6,841.8,841.8,841.42,864.7,398.05,"30,93,053","2,60,25,60,001.25","52,341",UPL
14-Jun-21,EQ,838.2,838.2,815.2,835.15,834,834.6,827.47,864.7,398.05,"23,61,786","1,95,43,02,511.00","58,773",UPL
11-Jun-21,EQ,842.95,844.7,830,838.7,834,835.15,835.66,864.7,398.05,"26,33,076","2,20,03,50,453.20","40,940",UPL
10-Jun-21,EQ,849,853.8,837,845.55,839.95,838.7,844.95,864.7,398.05,"40,12,050","3,38,99,77,794.40","69,591",UPL
9-Jun-21,EQ,855,862.95,838.65,853.55,845.95,845.55,854.01,864.7,398.05,"50,68,262","4,32,83,62,610.45","78,804",UPL
8-Jun-21,EQ,850.4,864.7,840.2,850.5,853,853.55,853.19,864.7,398.05,"42,14,138","3,59,54,47,254.50","56,898",UPL
7-Jun-21,EQ,841,862.25,834.2,836.25,849.5,850.5,852.63,862.25,398.05,"47,74,564","4,07,09,44,130.60","77,145",UPL
4-Jun-21,EQ,835,845.35,832.1,840.25,836,836.25,839.02,845.35,398.05,"41,16,012","3,45,34,27,044.30","46,278",UPL
3-Jun-21,EQ,842.95,845,828,837.6,839,840.25,835.7,845,398.05,"68,63,737","5,73,59,98,189.15","77,990",UPL
2-Jun-21,EQ,815,840.85,810.5,815.8,838.5,837.6,827.55,840.85,398.05,"72,28,801","5,98,21,93,446.25","88,449",UPL
1-Jun-21,EQ,818,826.4,808.35,815.1,816,815.8,816.06,826.4,398.05,"44,14,474","3,60,24,71,079.50","65,627",UPL
31-May-21,EQ,811.7,821.85,808.25,811.7,815.85,815.1,814.08,825.5,398.05,"38,57,904","3,14,06,34,025.25","58,596",UPL
28-May-21,EQ,818.45,824.45,809,819.75,811.85,811.7,816.81,825.5,365.65,"48,29,944","3,94,51,68,099.80","73,902",UPL
27-May-21,EQ,816.05,825.5,809.6,812.6,822,819.75,817.51,825.5,365.65,"1,00,04,617","8,17,88,94,045.85","1,41,312",UPL
26-May-21,EQ,795,815.75,791.5,796.65,811,812.6,810.17,815.75,365.65,"78,22,821","6,33,78,08,707.00","1,08,392",UPL
25-May-21,EQ,795,806,789.5,789.35,796.5,796.65,799.21,806,365.65,"73,50,432","5,87,45,02,905.70","1,06,474",UPL
24-May-21,EQ,781.95,793.95,773.7,779.85,790.85,789.35,784.38,805.3,365.65,"55,86,202","4,38,17,15,671.65","1,28,525",UPL
21-May-21,EQ,775,786,763.25,767.5,780,779.85,774.33,805.3,336,"80,97,156","6,26,98,51,326.75","1,01,104",UPL
20-May-21,EQ,786.4,797.4,763,782.15,771,767.5,777.18,805.3,336,"84,95,432","6,60,25,09,761.60","1,27,642",UPL
19-May-21,EQ,773,805.3,765.55,769.4,782,782.15,790.28,805.3,336,"1,77,61,845","14,03,68,32,181.85","2,28,304",UPL
18-May-21,EQ,776.5,778,759.15,770.75,771.2,769.4,767.76,785,336,"1,03,06,166","7,91,26,38,519.10","1,48,657",UPL
17-May-21,EQ,757,785,752.05,743.3,768.5,770.75,774.31,785,336,"2,80,18,670","21,69,50,39,476.80","3,70,947",UPL
14-May-21,EQ,710,764.4,705.05,691.65,742.9,743.3,742.25,764.4,336,"5,72,32,233","42,48,08,39,386.10","7,68,837",UPL
12-May-21,EQ,691.95,702.55,680.6,684.35,689.95,691.65,690.43,702.55,336,"1,05,62,440","7,29,26,42,545.85","1,35,617",UPL
11-May-21,EQ,673,688.45,667.9,674.6,683.25,684.35,679.57,688.45,336,"1,41,35,052","9,60,57,32,600.00","1,67,627",UPL
10-May-21,EQ,635.7,680.35,635.55,629.4,679.9,674.6,661.81,680.35,336,"1,67,27,737","11,07,05,56,180.20","2,07,784",UPL
7-May-21,EQ,635,641.85,625.25,633,627.5,629.4,633.42,673.95,336,"36,75,295","2,32,79,99,181.30","45,827",UPL
6-May-21,EQ,640.7,641,626.65,640.7,631.55,633,633.06,673.95,336,"55,45,420","3,51,05,85,712.75","67,758",UPL
5-May-21,EQ,621.7,643,616.65,611.25,640.4,640.7,632.28,673.95,336,"1,14,54,883","7,24,27,33,982.25","1,57,551",UPL
4-May-21,EQ,621,645.65,608.05,617.8,615.9,611.25,629.59,673.95,336,"1,35,05,599","8,50,29,46,196.65","1,82,349",UPL
3-May-21,EQ,605.5,619.75,596.15,606.9,617,617.8,609.86,673.95,336,"36,09,311","2,20,11,90,515.85","53,370",UPL
30-Apr-21,EQ,610.8,621,604.05,615.8,606,606.9,613.09,673.95,336,"30,72,295","1,88,35,85,155.00","42,385",UPL
29-Apr-21,EQ,613.4,621,609.8,608.05,616.5,615.8,615.23,673.95,336,"62,57,014","3,84,95,00,388.80","74,611",UPL
28-Apr-21,EQ,602.95,613.7,601.2,597.45,607.5,608.05,608.9,673.95,336,"49,83,043","3,03,41,91,997.55","65,061",UPL
27-Apr-21,EQ,591.1,605.2,589.4,590.65,597,597.45,598.49,673.95,336,"44,96,811","2,69,13,14,552.70","1,04,264",UPL
26-Apr-21,EQ,587.1,597.9,585.9,585.4,590.6,590.65,591.78,673.95,336,"31,62,291","1,87,13,77,821.05","46,535",UPL
23-Apr-21,EQ,592.1,597.05,581.3,591.6,585.9,585.4,589.36,673.95,334.2,"33,56,598","1,97,82,52,606.90","50,667",UPL
22-Apr-21,EQ,589,598.9,581.9,591.75,591.4,591.6,592.34,673.95,334.2,"31,82,229","1,88,49,46,252.15","65,628",UPL
20-Apr-21,EQ,606,613,585.6,597.45,592,591.75,598.3,673.95,334.2,"34,03,144","2,03,61,06,527.95","51,854",UPL
19-Apr-21,EQ,595.1,603,587,611.75,596.5,597.45,596.78,673.95,334.2,"31,98,847","1,90,89,92,398.70","57,705",UPL
16-Apr-21,EQ,610,618.8,602,607.35,610.8,611.75,612.49,673.95,316.5,"35,77,455","2,19,11,62,214.05","51,470",UPL
15-Apr-21,EQ,611,623.9,597.4,604.6,607.5,607.35,608.2,673.95,316.5,"73,95,673","4,49,80,18,652.05","1,01,576",UPL
13-Apr-21,EQ,594,618.5,589,589.55,604.25,604.6,604.85,673.95,316.5,"1,00,46,450","6,07,66,22,480.40","1,35,064",UPL
12-Apr-21,EQ,625,627.65,581.5,634.9,591,589.55,599.47,673.95,316.5,"59,54,644","3,56,96,34,330.25","90,548",UPL
9-Apr-21,EQ,656,656,630.7,651.6,635.95,634.9,639.77,673.95,307.15,"49,95,747","3,19,61,32,402.25","82,601",UPL
8-Apr-21,EQ,657,664.6,650,654.45,653.8,651.6,657.69,673.95,307.15,"39,26,359","2,58,23,41,325.10","58,957",UPL
7-Apr-21,EQ,660,673.95,652.4,661.35,653,654.45,662.25,673.95,307.15,"49,48,757","3,27,73,28,560.55","69,241",UPL
6-Apr-21,EQ,648,668.85,645,646.25,661,661.35,659.38,668.85,307.15,"72,27,685","4,76,58,09,112.30","93,898",UPL
5-Apr-21,EQ,650,664.75,631.6,653.6,646,646.25,646.93,664.75,307.15,"90,77,724","5,87,26,38,400.85","1,15,052",UPL
1-Apr-21,EQ,640.95,656.9,635,641.85,654.3,653.6,645.72,656.9,293.7,"73,48,750","4,74,52,66,857.35","89,415",UPL
31-Mar-21,EQ,623,654,620.1,627.95,639.95,641.85,642.34,654,293.7,"1,58,62,803","10,18,92,49,286.95","1,78,077",UPL
30-Mar-21,EQ,597,634.65,591,585.4,629.85,627.95,617.2,643.95,293.7,"1,46,63,831","9,05,05,67,383.55","1,79,423",UPL
26-Mar-21,EQ,606,606,581,595.65,587.35,585.4,592.56,643.95,240.15,"77,78,619","4,60,93,16,250.25","1,09,753",UPL
25-Mar-21,EQ,613,618.25,591.5,608.85,597.7,595.65,604.55,643.95,240.15,"1,06,48,953","6,43,78,04,932.50","1,30,828",UPL
24-Mar-21,EQ,625,636.4,607,633.35,610.65,608.85,619.5,643.95,240.15,"48,32,842","2,99,39,51,005.60","67,141",UPL
23-Mar-21,EQ,622.5,643.95,621,628.15,633.2,633.35,635.74,643.95,240.15,"59,99,369","3,81,40,30,105.15","1,12,322",UPL
22-Mar-21,EQ,624.95,636.9,617.65,625.45,625.9,628.15,629.97,639.55,240.15,"61,96,079","3,90,33,70,493.00","79,806",UPL
19-Mar-21,EQ,598,628.9,586.2,601.3,625,625.45,611.97,639.55,240.15,"83,22,870","5,09,33,25,270.75","92,399",UPL
18-Mar-21,EQ,617.65,622.8,594.05,609.2,602,601.3,610.48,639.55,240.15,"61,54,177","3,75,70,28,110.05","85,001",UPL
17-Mar-21,EQ,623.65,626.85,605,620.25,609,609.2,619.2,639.55,240.15,"45,03,677","2,78,86,81,586.75","60,782",UPL
16-Mar-21,EQ,625.05,639.55,616.55,621.35,620.1,620.25,628.44,639.55,240.15,"83,96,917","5,27,69,30,772.50","1,33,712",UPL
15-Mar-21,EQ,623.3,625.45,604.45,620.3,619.45,621.35,617.01,637.7,240.15,"54,38,311","3,35,54,89,115.05","74,190",UPL
12-Mar-21,EQ,626.6,632.95,614.1,621.3,618.55,620.3,623.64,637.7,240.15,"49,94,965","3,11,50,39,018.55","73,623",UPL
10-Mar-21,EQ,630.6,630.6,612.5,624.9,621,621.3,617.94,637.7,240.15,"55,83,509","3,45,02,72,001.85","75,234",UPL
9-Mar-21,EQ,634,637.7,611.25,629.95,624.95,624.9,622.67,637.7,240.15,"1,05,66,829","6,57,96,23,358.50","1,39,695",UPL
8-Mar-21,EQ,601,636.2,600,591.55,633.45,629.95,620.69,636.2,240.15,"1,41,63,149","8,79,09,46,248.10","1,87,037",UPL
5-Mar-21,EQ,615.45,615.9,586,615.45,593.3,591.55,598.92,631.45,240.15,"75,17,590","4,50,24,67,672.30","1,07,667",UPL
4-Mar-21,EQ,602,631.45,599.1,613.6,614.5,615.45,618.86,631.45,240.15,"1,41,24,256","8,74,08,92,387.40","1,81,716",UPL
3-Mar-21,EQ,595.8,616.85,589.2,589.45,613.95,613.6,601.62,616.85,240.15,"87,40,632","5,25,85,41,353.60","1,12,073",UPL
2-Mar-21,EQ,603,608.8,580.15,590.6,589.15,589.45,589.68,608.8,240.15,"1,06,02,015","6,25,18,40,908.85","1,38,231",UPL
1-Mar-21,EQ,570,592.7,570,561.55,590,590.6,584.97,601.15,240.15,"85,70,035","5,01,32,07,178.30","1,15,229",UPL
26-Feb-21,EQ,585,589.4,555.45,593,560.95,561.55,575.58,601.15,240.15,"1,15,11,171","6,62,55,46,493.00","1,45,877",UPL
25-Feb-21,EQ,560.8,597,559,553.95,594.5,593,581.32,601.15,240.15,"1,67,64,202","9,74,53,64,151.90","2,02,069",UPL
24-Feb-21,EQ,547,567,546,566.4,555,553.95,557.7,601.15,240.15,"72,29,614","4,03,19,57,170.25","93,084",UPL
23-Feb-21,EQ,530,570,514.05,539.75,565.9,566.4,547.12,601.15,240.15,"2,08,67,768","11,41,72,74,268.70","2,25,767",UPL
22-Feb-21,EQ,556,560.95,536.55,552.8,539.65,539.75,550.44,601.15,240.15,"77,02,962","4,24,00,50,594.70","1,02,661",UPL
19-Feb-21,EQ,542.95,565,539.5,541.05,554.9,552.8,556.12,601.15,240.15,"1,66,93,854","9,28,37,96,253.85","2,12,933",UPL
18-Feb-21,EQ,536.35,556.6,532,539,541.3,541.05,546.24,601.15,240.15,"63,99,026","3,49,54,03,471.65","91,673",UPL
17-Feb-21,EQ,525.3,542.6,525.3,538.95,537.3,539,538,601.15,240.15,"29,34,589","1,57,88,02,353.30","41,994",UPL
16-Feb-21,EQ,542.65,545.65,537.1,537.45,538.65,538.95,540.84,601.15,240.15,"29,76,504","1,60,98,06,430.90","42,862",UPL
15-Feb-21,EQ,540,543.95,534.55,535.8,537.25,537.45,538.21,601.15,240.15,"25,69,470","1,38,29,04,007.05","42,459",UPL
12-Feb-21,EQ,545.8,547.3,531.5,543.55,536,535.8,537.88,601.4,240.15,"30,43,562","1,63,70,82,098.75","49,098",UPL
11-Feb-21,EQ,530.2,545.6,530.2,534.4,543.25,543.55,539.39,601.4,240.15,"56,84,777","3,06,62,86,013.95","81,516",UPL
10-Feb-21,EQ,543,546.45,532.45,538.6,534.8,534.4,537.57,601.4,240.15,"44,46,858","2,39,04,90,881.40","60,983",UPL
9-Feb-21,EQ,539.5,556,535.55,538.3,540.5,538.6,547.96,601.4,240.15,"91,71,011","5,02,53,32,744.00","1,27,221",UPL
8-Feb-21,EQ,538,546,528.15,536.5,538.2,538.3,537.8,601.4,240.15,"85,11,429","4,57,74,38,479.65","99,340",UPL
5-Feb-21,EQ,553.85,553.85,535,548.05,537.7,536.5,539.84,601.4,240.15,"63,77,789","3,44,29,74,088.95","76,497",UPL
4-Feb-21,EQ,558.7,568.55,544.3,558.25,548.9,548.05,554.14,601.4,240.15,"67,51,111","3,74,10,81,763.15","90,791",UPL
3-Feb-21,EQ,562.1,579.95,555,566.3,557.75,558.25,568.6,601.4,240.15,"72,68,499","4,13,28,41,435.25","91,011",UPL
2-Feb-21,EQ,541,568.5,541,534.1,564.75,566.3,559.07,601.4,240.15,"1,34,16,792","7,50,09,06,742.80","1,53,204",UPL
1-Feb-21,EQ,548.9,548.9,510,560.65,535.8,534.1,523.87,601.4,240.15,"2,02,50,736","10,60,87,06,089.10","2,78,573",UPL
29-Jan-21,EQ,569.85,576,557,565.45,562.3,560.65,566.13,601.4,240.15,"92,98,672","5,26,42,73,762.85","1,17,038",UPL
28-Jan-21,EQ,569,570.7,557.2,574.25,563,565.45,563.75,601.4,240.15,"81,46,430","4,59,25,41,758.50","90,752",UPL
27-Jan-21,EQ,588.15,601.15,569,588.15,575,574.25,581.75,601.4,240.15,"1,54,63,821","8,99,61,26,103.80","1,89,835",UPL
25-Jan-21,EQ,571.7,593,567,566.95,589.6,588.15,584.75,601.4,240.15,"1,35,63,025","7,93,09,48,274.10","1,64,559",UPL
22-Jan-21,EQ,585.4,592.5,564,584.55,568.5,566.95,577.34,601.4,240.15,"1,01,18,222","5,84,16,91,912.45","1,14,136",UPL
21-Jan-21,EQ,576.35,594,576.35,576.35,587,584.55,587.84,601.4,240.15,"1,17,59,051","6,91,24,74,227.35","1,46,894",UPL
20-Jan-21,EQ,563,581.85,556.5,564,575.5,576.35,570.72,601.4,240.15,"1,09,00,743","6,22,12,78,625.90","1,38,443",UPL
19-Jan-21,EQ,561,570.9,553.65,561.3,563.05,564,563.55,601.4,240.15,"1,50,94,630","8,50,66,49,709.70","1,74,029",UPL
18-Jan-21,EQ,524.95,568,524,522.55,555,561.3,547.19,601.4,240.15,"3,71,75,310","20,34,18,64,817.30","3,66,399",UPL
15-Jan-21,EQ,511.95,527.9,511.4,509.4,522.35,522.55,521.28,605.75,240.15,"1,98,36,600","10,34,05,01,092.45","2,07,730",UPL
14-Jan-21,EQ,494.1,515,493,491.7,509.9,509.4,509.15,605.75,240.15,"1,52,31,242","7,75,49,45,984.05","2,09,740",UPL
13-Jan-21,EQ,502,505.8,484.4,501.5,491,491.7,494.5,605.75,240.15,"46,94,033","2,32,11,98,831.35","63,284",UPL
12-Jan-21,EQ,494.75,505.5,491.2,497.45,501.1,501.5,499.44,605.75,240.15,"50,08,167","2,50,12,70,774.00","66,137",UPL
11-Jan-21,EQ,506,508.9,493.3,503.65,497.9,497.45,500.23,605.75,240.15,"56,66,689","2,83,46,20,137.55","73,820",UPL
8-Jan-21,EQ,485,506,484.8,482.5,502.3,503.65,501.32,614.9,240.15,"1,61,14,942","8,07,88,00,123.10","1,80,917",UPL
7-Jan-21,EQ,476,486.5,474.45,472.4,483,482.5,481.19,614.9,240.15,"70,25,121","3,38,04,28,390.60","85,489",UPL
6-Jan-21,EQ,471.95,481.9,467.15,471.25,471.65,472.4,474.87,614.9,240.15,"59,47,103","2,82,40,97,914.75","78,315",UPL
5-Jan-21,EQ,469,472.5,466.35,473.15,471,471.25,469.47,614.9,240.15,"32,26,777","1,51,48,67,266.80","42,085",UPL
4-Jan-21,EQ,473.4,475,466.65,469.3,473.2,473.15,471.73,614.9,240.15,"36,15,832","1,70,57,07,885.60","43,512",UPL
1-Jan-21,EQ,469.9,476.6,466.85,466.35,469.4,469.3,472.65,614.9,240.15,"70,90,451","3,35,12,67,025.15","81,162",UPL
31-Dec-20,EQ,467.7,468.5,461.2,467.1,466.7,466.35,464.5,614.9,240.15,"54,29,481","2,52,20,13,027.50","59,926",UPL
30-Dec-20,EQ,464,472.4,461.25,454.7,465.8,467.1,468.33,614.9,240.15,"2,17,53,642","10,18,77,80,630.70","2,17,429",UPL
29-Dec-20,EQ,454.5,459,445.4,453.4,455.4,454.7,453.81,614.9,240.15,"37,81,566","1,71,60,96,719.65","60,601",UPL
28-Dec-20,EQ,452.05,457.5,451.05,449.4,453.65,453.4,454.24,614.9,240.15,"31,46,922","1,42,94,45,713.80","35,620",UPL
24-Dec-20,EQ,454.9,456.6,448,451.95,449.3,449.4,452.19,614.9,240.15,"43,84,445","1,98,25,85,709.40","51,884",UPL
23-Dec-20,EQ,444.5,452.7,438.3,444.65,451.9,451.95,446.79,614.9,240.15,"34,88,991","1,55,88,51,716.30","43,411",UPL
22-Dec-20,EQ,437.3,445.8,425.55,437.3,444,444.65,437.51,614.9,240.15,"79,10,320","3,46,08,67,106.40","88,994",UPL
21-Dec-20,EQ,460,460.75,417,460.3,434.3,437.3,444.9,614.9,240.15,"73,76,210","3,28,16,90,858.85","1,02,736",UPL
18-Dec-20,EQ,456,462,454,455.4,460.6,460.3,459.51,614.9,240.15,"54,02,464","2,48,24,67,426.25","65,985",UPL
17-Dec-20,EQ,461.45,466.4,453.2,459.65,455,455.4,461.52,614.9,240.15,"73,62,825","3,39,81,04,469.55","79,401",UPL
16-Dec-20,EQ,453.85,461.5,451.5,448.8,459.1,459.65,456.79,614.9,240.15,"1,15,03,251","5,25,46,02,234.90","1,17,472",UPL
15-Dec-20,EQ,443.25,449.8,437,442.15,447.85,448.8,446.02,614.9,240.15,"91,87,569","4,09,78,00,174.75","98,425",UPL
14-Dec-20,EQ,433,443.9,431.8,435,441.75,442.15,440.4,614.9,240.15,"1,45,95,495","6,42,79,13,945.50","1,38,461",UPL
11-Dec-20,EQ,456,456.85,429.2,438.45,434.5,435,444.33,614.9,240.15,"5,02,83,569","22,34,23,44,963.90","4,36,004",UPL
10-Dec-20,EQ,478,479,416.1,492.6,437,438.45,432.4,614.9,240.15,"8,72,79,054","37,73,96,52,855.35","8,69,118",UPL
9-Dec-20,EQ,475.1,495,475.1,472.8,494.5,492.6,487.22,614.9,240.15,"1,38,36,059","6,74,12,51,812.20","1,55,642",UPL
8-Dec-20,EQ,481.25,488.5,469.45,475.95,472.25,472.8,479.25,614.9,240.15,"1,56,24,166","7,48,78,04,596.90","1,58,070",UPL
7-Dec-20,EQ,455,478.2,453.55,455.7,476.5,475.95,469.62,614.9,240.15,"1,14,43,788","5,37,42,01,389.40","1,35,356",UPL
4-Dec-20,EQ,458.95,463,452.5,454.75,454.35,455.7,457.4,614.9,240.15,"77,19,922","3,53,10,88,028.05","67,243",UPL
3-Dec-20,EQ,446.75,458.9,437.5,441.95,455.65,454.75,449.65,614.9,240.15,"1,32,51,977","5,95,86,96,486.35","1,54,530",UPL
2-Dec-20,EQ,442.75,447,437.45,433.05,441.5,441.95,442.41,614.9,240.15,"1,41,87,495","6,27,66,93,415.75","1,45,428",UPL
1-Dec-20,EQ,420,434.2,418,417.7,434,433.05,428.89,614.9,240.15,"1,49,28,450","6,40,26,95,864.45","1,38,558",UPL
27-Nov-20,EQ,421.2,425.5,416.3,420.55,418.7,417.7,419.84,614.9,240.15,"70,24,437","2,94,91,19,486.35","84,071",UPL
26-Nov-20,EQ,418.6,422.3,414.15,418.6,421.2,420.55,419.33,614.9,240.15,"38,96,795","1,63,40,39,138.45","53,069",UPL
25-Nov-20,EQ,428.8,430.15,417.6,427.45,418.25,418.6,424.04,614.9,240.15,"47,53,592","2,01,57,29,912.35","69,325",UPL
24-Nov-20,EQ,428,431.5,426.45,426.45,427.5,427.45,428.4,614.9,240.15,"45,38,696","1,94,43,55,727.85","72,639",UPL
23-Nov-20,EQ,423,429.5,421.35,420.4,426.7,426.45,425.97,614.9,240.15,"51,72,468","2,20,33,18,231.40","70,662",UPL
20-Nov-20,EQ,416.5,422.4,406.55,416.5,419,420.4,414.07,614.9,240.15,"1,27,63,134","5,28,48,59,614.30","1,11,419",UPL
19-Nov-20,EQ,425.9,425.9,415.05,426.3,416,416.5,419.34,614.9,240.15,"63,31,928","2,65,52,55,103.95","1,04,790",UPL
18-Nov-20,EQ,430,430,424.05,429.65,425.75,426.3,425.99,614.9,240.15,"44,15,523","1,88,09,90,451.15","64,613",UPL
17-Nov-20,EQ,431.4,434.5,428.25,429.25,429.5,429.65,431.81,614.9,240.15,"59,29,010","2,56,01,76,333.55","1,10,274",UPL
14-Nov-20,EQ,431.15,431.15,428,425.35,429,429.25,429.43,614.9,240.15,"6,43,619","27,63,90,503.90","12,430",UPL
13-Nov-20,EQ,429,431.1,423,429.6,425,425.35,426.46,614.9,240.15,"46,44,051","1,98,05,19,462.10","61,098",UPL
12-Nov-20,EQ,436.8,437.8,425.1,435.7,429.9,429.6,430.82,614.9,240.15,"55,11,536","2,37,44,89,226.75","66,069",UPL
11-Nov-20,EQ,429,442.95,429,432.8,436.5,435.7,438.01,614.9,240.15,"75,04,886","3,28,72,34,957.70","85,611",UPL
10-Nov-20,EQ,430.1,438.5,426.55,426.75,433.3,432.8,433.22,614.9,240.15,"64,24,909","2,78,33,95,337.05","97,160",UPL
9-Nov-20,EQ,426.6,431,424.15,422.4,426.6,426.75,426.97,614.9,240.15,"42,71,081","1,82,36,42,454.35","57,349",UPL
6-Nov-20,EQ,421.45,428,417.8,418.4,423.1,422.4,423.13,617.75,240.15,"76,14,066","3,22,17,10,808.55","93,520",UPL
5-Nov-20,EQ,407.95,419.6,405.15,401.35,418.5,418.4,414.52,617.75,240.15,"1,14,70,585","4,75,47,43,766.25","1,28,528",UPL
4-Nov-20,EQ,415.7,415.7,399,417.05,400.8,401.35,404.16,617.75,240.15,"1,93,63,947","7,82,62,10,888.05","2,23,143",UPL
3-Nov-20,EQ,444.4,449.5,414,445.35,415.95,417.05,423.88,617.75,240.15,"1,65,12,536","6,99,93,83,176.60","2,30,764",UPL
2-Nov-20,EQ,465,465,431.65,453.25,444.25,445.35,446.94,617.75,240.15,"1,03,56,782","4,62,88,50,995.45","1,31,264",UPL
30-Oct-20,EQ,451.9,457.5,446.45,450.25,453,453.25,452.45,617.75,240.15,"36,84,252","1,66,69,32,905.65","48,988",UPL
29-Oct-20,EQ,447.4,455.6,444.25,450.75,452.5,450.25,450.89,617.75,240.15,"45,98,075","2,07,32,40,206.30","85,647",UPL
28-Oct-20,EQ,440.35,454.5,437.5,438.55,450.5,450.75,448.22,617.75,240.15,"72,35,748","3,24,31,81,467.10","96,540",UPL
27-Oct-20,EQ,435,441.4,429.35,433.4,439.25,438.55,436.8,617.75,240.15,"48,81,972","2,13,24,26,338.55","1,01,734",UPL
26-Oct-20,EQ,454.95,454.95,431.5,450.95,432.05,433.4,439.63,617.75,240.15,"62,80,314","2,76,09,94,614.55","1,12,176",UPL
23-Oct-20,EQ,458.5,458.5,450,454.5,450.8,450.95,453.28,617.75,240.15,"36,82,129","1,66,90,26,545.75","54,608",UPL
22-Oct-20,EQ,452.8,458.2,450.2,454.2,454.75,454.5,454.02,617.75,240.15,"44,95,486","2,04,10,46,352.45","87,654",UPL
21-Oct-20,EQ,459.9,463.5,446.75,455.95,453.05,454.2,455.44,617.75,240.15,"63,12,709","2,87,50,76,255.20","70,350",UPL
20-Oct-20,EQ,464,467.7,453.95,463.45,454.9,455.95,460.04,617.75,240.15,"72,55,239","3,33,77,23,630.95","99,236",UPL
19-Oct-20,EQ,474.8,474.8,447.5,466.95,464,463.45,460.67,617.75,240.15,"1,31,96,083","6,07,90,79,706.35","1,57,061",UPL
16-Oct-20,EQ,490,490,458.25,506.55,467.75,466.95,472.59,617.75,240.15,"2,29,82,753","10,86,14,66,388.20","3,14,245",UPL
15-Oct-20,EQ,510,520,502.9,510.9,505,506.55,515.11,617.75,240.15,"49,27,087","2,53,79,70,804.50","66,081",UPL
14-Oct-20,EQ,501.35,513,495.3,506.5,511,510.9,503.34,617.75,240.15,"34,24,315","1,72,36,08,006.85","48,153",UPL
13-Oct-20,EQ,507.8,515.55,504.1,507.1,504.45,506.5,509.86,617.75,240.15,"39,92,135","2,03,54,41,405.25","49,822",UPL
12-Oct-20,EQ,499.9,508.3,493.15,497.3,507,507.1,502.02,617.75,240.15,"33,32,484","1,67,29,71,557.45","55,978",UPL
9-Oct-20,EQ,510.4,513.2,495.9,509.4,497.45,497.3,501.43,617.75,240.15,"37,12,048","1,86,13,27,633.70","59,941",UPL
8-Oct-20,EQ,513.95,519.85,506.5,510.85,510,509.4,513.36,617.75,240.15,"28,14,294","1,44,47,40,104.50","51,145",UPL
7-Oct-20,EQ,511.45,524.9,507.4,509.55,511,510.85,516.81,617.75,240.15,"49,97,523","2,58,27,68,974.80","71,416",UPL
6-Oct-20,EQ,511.45,519,508.25,507.1,509.3,509.55,514.13,617.75,240.15,"36,62,272","1,88,28,99,921.50","63,008",UPL
5-Oct-20,EQ,509.5,510.15,502.1,505.65,506,507.1,507,617.75,240.15,"25,33,261","1,28,43,61,565.75","40,561",UPL
1-Oct-20,EQ,508,512.7,503.3,502.9,507,505.65,508.99,617.75,240.15,"24,62,815","1,25,35,38,259.00","38,018",UPL
